,cod_cliente,cod_endereco,cod_contato,data_primeira_compra,data_criacao,data_alteracao
0,6b6d0941,50c4a177,ab3064b7,1988-07-21,2026-07-15,2026-07-15
1,ce1b52ae,f92d512b,41dc430f,1965-01-08,2026-07-15,2026-07-15
2,5ae61d1c,879ff928,0e29b4d8,1994-07-05,2026-07-15,2026-07-15
3,4ce20b01,eb5313af,fa917638,1967-11-27,2026-07-15,2026-07-15
4,f2fc7978,ddd7d30f,473d81ec,1990-06-25,2026-07-15,2026-07-15
5,3c63e5d3,4cf1d0ea,6cc6efe9,1981-10-03,2026-07-15,2026-07-15
6,a040e169,bb2e6cba,52860dfc,1993-04-05,2026-07-15,2026-07-15
7,7bc42b05,2956432e,d75dc0f9,1980-06-17,2026-07-15,2026-07-15
8,0d4d4804,c6898413,b2741866,2000-08-23,2026-07-15,2026-07-15
9,63baf574,9e8e9f66,da69f761,1984-09-11,2026-07-15,2026-07-15
10,5f2ab070,dbad6eff,acb1ec0c,1982-03-03,2026-07-15,2026-07-15
12,ac535caa,3ef054dd,6532feae,1964-09-29,2026-07-15,2026-07-15
13,9efecf41,fbdeea36,52860dfc,1983-11-14,2026-07-15,2026-07-15
14,60c38ae4,835b284a,e2fe4818,1985-02-26,2026-07-15,2026-07-15
15,0fbfd231,621d4e69,1125badb,1963-11-04,2026-07-15,2026-07-15
16,346c1416,1f87bba6,473d81ec,1995-01-04,2026-07-15,2026-07-15
17,a5d658b7,766edd72,a4adfa27,1975-08-03,2026-07-15,2026-07-15
18,7e22a2b5,8502a500,0046f312,1980-12-06,2026-07-15,2026-07-15
19,895b017c,549b2518,1125badb,1986-09-12,2026-07-15,2026-07-15
20,4392286c,87f258d7,eded57fa,1974-05-30,2026-07-15,2026-07-15
21,ae76cc5c,13978b3b,2313495d,1973-01-28,2026-07-15,2026-07-15
22,42d0014c,f90ce529,2313495d,1986-08-06,2026-07-15,2026-07-15
23,56205f69,b5bf7347,41dc430f,2002-08-04,2026-07-15,2026-07-15
24,ba285e29,b5691081,19ef70de,1982-02-06,2026-07-15,2026-07-15
25,442d941c,0ca12509,568a164b,1989-05-18,2026-07-15,2026-07-15
26,cb8ec133,82b1461f,3dea0bd0,1965-05-21,2026-07-15,2026-07-15
27,2df31d11,ceeb8b0f,3dea0bd0,1969-11-17,2026-07-15,2026-07-15
28,2dcdeda3,3fb19541,adee1f71,1999-05-13,2026-07-15,2026-07-15
30,63369e6c,33f863a7,473d81ec,1977-03-30,2026-07-15,2026-07-15
31,247dccf1,4babd57d,418cb37b,1982-11-08,2026-07-15,2026-07-15
32,72bc630e,fbe54cd4,3eb26a8b,1973-03-18,2026-07-15,2026-07-15
33,69b06aa6,9e8e9f66,52860dfc,1963-03-26,2026-07-15,2026-07-15
34,4739f6d9,18e3a5dd,b8b4b600,1975-02-21,2026-07-15,2026-07-15
35,3f491b77,febe8efa,8a9c5316,1960-06-09,2026-07-15,2026-07-15
36,c1b30594,c6e39e42,0e29b4d8,1981-02-25,2026-07-15,2026-07-15
37,a93aa731,50c4a177,d75dc0f9,1966-05-11,2026-07-15,2026-07-15
38,a30580a1,09342ecc,ab3064b7,1964-02-06,2026-07-15,2026-07-15
39,641c61ac,0f47650a,69068f18,2000-03-12,2026-07-15,2026-07-15
40,1e6e7fcd,eccf0c19,52860dfc,1992-02-15,2026-07-15,2026-07-15
41,e0d2a5f3,cf9ee05c,adee1f71,1970-11-21,2026-07-15,2026-07-15
42,92f2fd13,948a12d5,52860dfc,1989-05-27,2026-07-15,2026-07-15
43,87830e43,398335e0,52860dfc,1961-06-19,2026-07-15,2026-07-15
45,d1cd1e4d,1d57c705,a4adfa27,1961-11-07,2026-07-15,2026-07-15
46,3e66160b,426ac428,52860dfc,1995-06-12,2026-07-15,2026-07-15
47,e224a8c6,56ae6186,c83448ce,1968-09-19,2026-07-15,2026-07-15
48,c49ff99c,f9ee0a6b,2313495d,1976-03-29,2026-07-15,2026-07-15
49,3f26afe9,dacc17bd,bf8a8c16,1986-09-14,2026-07-15,2026-07-15
50,4799194e,82b1461f,e2fe4818,1983-07-19,2026-07-15,2026-07-15
51,4db20d32,f9bde49b,7db3183a,1960-11-12,2026-07-15,2026-07-15
52,4bc76ae2,33f863a7,6532feae,1986-03-27,2026-07-15,2026-07-15
53,082d21de,fdb82dc4,5f102a72,1974-02-06,2026-07-15,2026-07-15
54,fb87e33d,3f1ea1fd,7db3183a,1967-12-22,2026-07-15,2026-07-15
55,25b7eced,b9660f9b,3eb26a8b,1983-02-26,2026-07-15,2026-07-15
56,0d484e5f,56ae6186,3dea0bd0,1982-10-11,2026-07-15,2026-07-15
57,3fc80484,f90ce529,3dea0bd0,1960-03-18,2026-07-15,2026-07-15
58,1b14dcc9,317d6b82,1ac4b04b,1965-11-08,2026-07-15,2026-07-15
59,52b3375c,2b367820,390ad17c,1978-06-23,2026-07-15,2026-07-15
60,7fddfb89,fbe54cd4,41dc430f,1970-06-03,2026-07-15,2026-07-15
61,ede49010,56ae6186,5f102a72,1971-09-10,2026-07-15,2026-07-15
62,4e431688,e22cc737,a4adfa27,1974-06-02,2026-07-15,2026-07-15
63,208d275a,cf25edd8,ef7e7141,2002-06-20,2026-07-15,2026-07-15
64,4aeffd09,42de26f1,bba5daa3,2001-09-30,2026-07-15,2026-07-15
65,6c4f0c4c,4421ba5e,6532feae,1962-03-10,2026-07-15,2026-07-15
66,970e594b,6610a93d,7db3183a,1995-02-04,2026-07-15,2026-07-15
67,4363b8d6,fdb82dc4,df41bbaf,1999-06-16,2026-07-15,2026-07-15
68,6a0cd270,bee948e8,5f102a72,1975-11-11,2026-07-15,2026-07-15
69,531113e4,757b882b,d0995158,1992-08-04,2026-07-15,2026-07-15
70,944084a9,fcbfb36f,69068f18,1961-04-11,2026-07-15,2026-07-15
71,8b414a94,535de310,b2741866,1980-12-15,2026-07-15,2026-07-15
72,e5d0ffbb,cdbcdacf,568a164b,2000-04-03,2026-07-15,2026-07-15
73,c50cc14e,febe8efa,bba5daa3,1980-05-21,2026-07-15,2026-07-15
74,38daf3c5,879ff928,6532feae,1988-12-04,2026-07-15,2026-07-15
75,3a1572cc,2956432e,6cc6efe9,1997-10-12,2026-07-15,2026-07-15
76,14a4c03c,f3f0df0e,acb1ec0c,1990-08-24,2026-07-15,2026-07-15
77,f12d0983,0f47650a,3dea0bd0,1964-11-29,2026-07-15,2026-07-15
78,1d498af8,07421a9d,1ac4b04b,1996-03-23,2026-07-15,2026-07-15
80,91a6c884,718825f5,ef7e7141,1974-04-24,2026-07-15,2026-07-15
81,a71b0343,eb5313af,7db3183a,1989-04-16,2026-07-15,2026-07-15
82,18d773af,2bc29542,5e9b48a9,1987-11-05,2026-07-15,2026-07-15
84,1e59121b,0a673e69,eded57fa,1967-03-28,2026-07-15,2026-07-15
85,e03caed0,28158ecc,58b1b1e8,1971-04-04,2026-07-15,2026-07-15
86,b7effad0,eaf19ede,69068f18,1998-04-17,2026-07-15,2026-07-15
87,e942aab7,763496c5,b69221de,1961-12-03,2026-07-15,2026-07-15
88,96379792,089ad1eb,fa917638,1964-01-10,2026-07-15,2026-07-15
89,bd4a772f,87f258d7,7d815689,1971-09-05,2026-07-15,2026-07-15
91,86613e2d,2bc29542,19ef70de,1989-02-06,2026-07-15,2026-07-15
92,f18b66c1,3f1ea1fd,473d81ec,2001-01-06,2026-07-15,2026-07-15
93,37166503,eaf19ede,7d815689,1975-07-28,2026-07-15,2026-07-15
94,9349d295,0a673e69,418cb37b,1998-05-01,2026-07-15,2026-07-15
95,50641c23,78731fdd,8a9c5316,2001-03-05,2026-07-15,2026-07-15
96,f6e5fc4d,3ae059b2,5e9b48a9,1993-08-10,2026-07-15,2026-07-15
97,a426a28e,b711fc6c,7db3183a,1971-12-19,2026-07-15,2026-07-15
98,c88f1b8d,f919f6ea,1ac4b04b,1960-01-02,2026-07-15,2026-07-15
99,3832abbc,f92d512b,0046f312,1992-12-05,2026-07-15,2026-07-15
100,0968f5a7,18e3a5dd,3eb26a8b,1999-07-10,2026-07-15,2026-07-15
101,6601ea7f,089ad1eb,5f102a72,1994-03-28,2026-07-15,2026-07-15
102,8993064a,c6897c21,ef7e7141,2001-05-14,2026-07-15,2026-07-15
103,58954ba4,811d3bde,2313495d,1960-07-10,2026-07-15,2026-07-15
104,3d657bb9,0a673e69,bf8a8c16,1985-01-22,2026-07-15,2026-07-15
105,f399f8e1,e0ee24be,568a164b,1998-10-05,2026-07-15,2026-07-15
106,6b71e7b7,a1496de7,1ac4b04b,2002-01-29,2026-07-15,2026-07-15
107,6ef9ace3,d1c1d694,adee1f71,1981-07-18,2026-07-15,2026-07-15
108,d9c08140,2942a0c6,c5cd3850,1979-06-30,2026-07-15,2026-07-15
109,b3125078,cd896351,7e723ce9,1983-04-11,2026-07-15,2026-07-15
110,c05e9193,39575c59,69068f18,2000-03-23,2026-07-15,2026-07-15
111,8b319808,cf9ee05c,ab3064b7,1982-08-13,2026-07-15,2026-07-15
112,7e1de19d,f919f6ea,d16ad133,1997-10-28,2026-07-15,2026-07-15
113,c84a0390,b216a104,bba5daa3,1972-04-24,2026-07-15,2026-07-15
114,abeb982e,5b39c1b1,3dea0bd0,1982-04-02,2026-07-15,2026-07-15
115,efc887b8,03a241ef,568a164b,1969-05-23,2026-07-15,2026-07-15
116,77449c06,f3f0df0e,e2fe4818,1964-10-10,2026-07-15,2026-07-15
117,f27bb490,cdfae907,da69f761,2001-06-04,2026-07-15,2026-07-15
118,8d3cc46f,39575c59,d16ad133,1969-12-15,2026-07-15,2026-07-15
119,5905a3e7,3ae059b2,8a9c5316,1974-01-25,2026-07-15,2026-07-15
120,ef75b4bf,cd896351,5e9b48a9,1989-04-05,2026-07-15,2026-07-15
121,e89b35ce,ddd7d30f,a4adfa27,1960-01-07,2026-07-15,2026-07-15
122,5a5bf759,1ddff873,568a164b,1992-11-28,2026-07-15,2026-07-15
124,aefc1727,0343e04b,634d6e16,1987-08-16,2026-07-15,2026-07-15
125,28741ecd,b9660f9b,58b1b1e8,1963-09-02,2026-07-15,2026-07-15
127,27c530c5,a9a9c5d1,8a9c5316,1995-09-15,2026-07-15,2026-07-15
128,a8a7db6d,c11d997f,df41bbaf,1998-04-30,2026-07-15,2026-07-15
129,cedf6f69,1f87bba6,0046f312,1988-05-12,2026-07-15,2026-07-15
131,2c42c662,f941418d,a4adfa27,1968-05-06,2026-07-15,2026-07-15
133,01974f0f,317d6b82,db0ef916,1992-11-24,2026-07-15,2026-07-15
134,ada44e5b,d8237b2f,d39679c5,1976-02-07,2026-07-15,2026-07-15
135,72b21457,4f47ca4d,418cb37b,2002-02-11,2026-07-15,2026-07-15
137,fa853203,81d9fe2c,ab3064b7,1993-05-04,2026-07-15,2026-07-15
140,2a9b3aaa,e22cc737,3dea0bd0,1989-04-21,2026-07-15,2026-07-15
141,205742d2,b216a104,603a9b9b,1962-07-09,2026-07-15,2026-07-15
142,32029984,f941418d,df41bbaf,1987-02-16,2026-07-15,2026-07-15
143,89c3a817,af2a880f,473d81ec,1976-07-06,2026-07-15,2026-07-15
144,ae18638f,eb5313af,db0ef916,1964-09-29,2026-07-15,2026-07-15
145,b244f9d6,f63bfbf1,0046f312,1963-02-17,2026-07-15,2026-07-15
146,e6d45de3,6689e037,473d81ec,1978-06-04,2026-07-15,2026-07-15
147,550393a0,fbdeea36,1125badb,1993-12-20,2026-07-15,2026-07-15
148,3a0f258a,ee39334f,603a9b9b,1992-11-05,2026-07-15,2026-07-15
149,1aaa9d3a,1d57c705,df41bbaf,1988-04-09,2026-07-15,2026-07-15
150,bd47b713,07421a9d,0e29b4d8,1988-03-04,2026-07-15,2026-07-15
151,4907af8c,1f87bba6,1ac4b04b,2001-11-11,2026-07-15,2026-07-15
152,021c675d,0be3ebd0,5f102a72,1970-10-08,2026-07-15,2026-07-15
153,89eec31c,6cfad1ac,41dc430f,1964-12-22,2026-07-15,2026-07-15
154,ee98f97e,8b6e0586,d39679c5,1975-09-29,2026-07-15,2026-07-15
155,ff142568,cd896351,8a9c5316,1982-07-07,2026-07-15,2026-07-15
156,c4993de9,fe2270e1,3dea0bd0,1998-07-12,2026-07-15,2026-07-15
157,0b454108,b711fc6c,603a9b9b,2001-06-02,2026-07-15,2026-07-15
158,99fed753,82b1461f,fc1567ca,1966-05-16,2026-07-15,2026-07-15
159,c3a6c571,540a2009,7db3183a,1976-08-28,2026-07-15,2026-07-15
160,f22bf066,59d77832,69068f18,1976-11-15,2026-07-15,2026-07-15
161,ac2c30bf,0343e04b,1ac4b04b,1979-10-07,2026-07-15,2026-07-15
163,d2c89978,51d4a5fc,5f102a72,1975-11-04,2026-07-15,2026-07-15
165,11f3df17,af2a880f,473d81ec,1964-11-18,2026-07-15,2026-07-15
166,dd88df46,2aec4889,7d815689,1977-08-14,2026-07-15,2026-07-15
167,95ec6e5b,b04bcc8e,2313495d,1976-01-25,2026-07-15,2026-07-15
168,6780333b,bee948e8,634d6e16,1993-11-14,2026-07-15,2026-07-15
169,367ca016,f014dc5b,acb1ec0c,1968-02-02,2026-07-15,2026-07-15
170,6b3185b0,f1c202d3,7e723ce9,1994-11-01,2026-07-15,2026-07-15
172,50987e86,3137dc0d,7d815689,1974-08-10,2026-07-15,2026-07-15
173,6e76c557,b61c3959,b69221de,1968-02-12,2026-07-15,2026-07-15
174,3929633d,74288ab2,7d815689,1971-06-02,2026-07-15,2026-07-15
175,4960cc67,8502a500,d75dc0f9,1978-12-28,2026-07-15,2026-07-15
176,fc9cf0b8,bee948e8,d16ad133,1963-09-29,2026-07-15,2026-07-15
177,2b2175cd,fbdeea36,568a164b,1972-09-25,2026-07-15,2026-07-15
181,d92199d8,c6897c21,d75dc0f9,1997-04-04,2026-07-15,2026-07-15
182,b4065ef4,e0ee24be,eded57fa,1985-12-10,2026-07-15,2026-07-15
183,3110a49a,cf25edd8,d0995158,1976-11-10,2026-07-15,2026-07-15
187,57be6156,3fb19541,0046f312,2001-05-25,2026-07-15,2026-07-15
189,2c760828,1bee8a52,fa917638,1999-01-13,2026-07-15,2026-07-15
190,15a65ae5,c8a36266,634d6e16,1969-09-07,2026-07-15,2026-07-15
191,1f937553,3ef054dd,568a164b,1963-10-10,2026-07-15,2026-07-15
192,cbcf13d1,01292a01,0046f312,1999-06-26,2026-07-15,2026-07-15
194,b730e9e6,317d6b82,69068f18,1995-09-28,2026-07-15,2026-07-15
195,9e7dae2e,09de11f9,52860dfc,1960-12-15,2026-07-15,2026-07-15
197,860df6aa,18e3a5dd,7e723ce9,1973-05-17,2026-07-15,2026-07-15
198,bb9d2955,1bee8a52,6cc6efe9,1997-01-28,2026-07-15,2026-07-15
199,3d6a9dc8,398335e0,b69221de,1982-03-28,2026-07-15,2026-07-15
201,bc297930,3fb19541,ab3064b7,2002-11-17,2026-07-15,2026-07-15
202,d8a2bbd7,f1c202d3,a4adfa27,1988-01-24,2026-07-15,2026-07-15
203,cc9f65a9,40b44c65,52860dfc,1971-02-27,2026-07-15,2026-07-15
206,97682d83,4cf1d0ea,7d815689,1996-10-22,2026-07-15,2026-07-15
207,e9238f3f,e59979ff,6cc6efe9,1970-08-07,2026-07-15,2026-07-15
209,3a1756fa,aac3c39b,ef7e7141,2002-03-11,2026-07-15,2026-07-15
210,5424e422,e616c108,8a9c5316,1992-08-28,2026-07-15,2026-07-15
211,a4e3426c,01292a01,7e723ce9,1974-07-29,2026-07-15,2026-07-15
212,7b868e56,8873ca01,1125badb,1969-02-20,2026-07-15,2026-07-15
213,628a4d89,a9a9c5d1,5f102a72,2002-12-14,2026-07-15,2026-07-15
216,9dd48364,aac3c39b,7db3183a,1977-10-14,2026-07-15,2026-07-15
217,5dff7cb7,549b2518,6532feae,1960-11-28,2026-07-15,2026-07-15
218,0fcaa55a,af2a880f,2313495d,1993-04-12,2026-07-15,2026-07-15
220,1139e59a,ddd7d30f,a4adfa27,1964-06-27,2026-07-15,2026-07-15
221,8a51bc70,28158ecc,634d6e16,1965-11-13,2026-07-15,2026-07-15
222,b716556b,3ae059b2,52860dfc,1993-06-25,2026-07-15,2026-07-15
223,b51ae2f1,4bddaf26,b8b4b600,2002-10-01,2026-07-15,2026-07-15
224,ff079788,398335e0,603a9b9b,1984-03-26,2026-07-15,2026-07-15
225,b03540b1,c92507d7,6532feae,1990-03-02,2026-07-15,2026-07-15
227,57221ec9,59d77832,d0995158,1995-11-09,2026-07-15,2026-07-15
228,2f730975,1f87bba6,634d6e16,1989-01-27,2026-07-15,2026-07-15
229,ec5b641f,373cc4e1,bba5daa3,1963-04-20,2026-07-15,2026-07-15
230,6f2a321a,0f973893,5e9b48a9,1997-11-12,2026-07-15,2026-07-15
231,3973c30a,6610a93d,1ac4b04b,1984-11-19,2026-07-15,2026-07-15
232,7a5bc5c2,09342ecc,19ef70de,1993-05-29,2026-07-15,2026-07-15
233,20f9eb9c,e22cc737,da69f761,1965-08-28,2026-07-15,2026-07-15
234,25faaa82,e01caa6a,69068f18,1997-08-30,2026-07-15,2026-07-15
235,f0924da4,1fcfe7d4,ab3064b7,1980-05-14,2026-07-15,2026-07-15
236,53648c48,74288ab2,bf8a8c16,1989-02-13,2026-07-15,2026-07-15
237,8111bc07,763496c5,7d815689,1993-10-24,2026-07-15,2026-07-15
238,7ad06864,a9a9c5d1,da69f761,1981-05-05,2026-07-15,2026-07-15
243,a0d8ebba,af2a880f,69068f18,1995-11-26,2026-07-15,2026-07-15
245,5e91ed7b,ee44c5db,41dc430f,1982-04-14,2026-07-15,2026-07-15
246,6958bb49,4d6c4235,b69221de,1991-03-17,2026-07-15,2026-07-15
248,a1ba575a,6cfad1ac,52860dfc,1970-09-06,2026-07-15,2026-07-15
249,369a8438,c8a36266,5f102a72,1975-09-26,2026-07-15,2026-07-15
250,03f0acfa,2942a0c6,b8b4b600,1982-12-16,2026-07-15,2026-07-15
251,8ad52b25,f014dc5b,19ef70de,2002-10-25,2026-07-15,2026-07-15
252,465c1c13,b216a104,6cc6efe9,2002-12-07,2026-07-15,2026-07-15
254,13a46227,3fb19541,19ef70de,1980-04-11,2026-07-15,2026-07-15
255,0cfefde4,af938dbc,69068f18,1978-05-16,2026-07-15,2026-07-15
256,cee867e3,083d95b8,3dea0bd0,1961-03-10,2026-07-15,2026-07-15
257,7f1bca00,dacc17bd,7db3183a,1997-07-29,2026-07-15,2026-07-15
258,43cbe6fa,eaf19ede,0e29b4d8,2000-03-17,2026-07-15,2026-07-15
260,434c2454,398335e0,db0ef916,1993-05-05,2026-07-15,2026-07-15
261,482ffe65,aac3c39b,bf8a8c16,1970-09-19,2026-07-15,2026-07-15
262,bd5892a8,f919f6ea,603a9b9b,1984-12-03,2026-07-15,2026-07-15
264,dd3198d1,6c79400a,0046f312,1997-09-08,2026-07-15,2026-07-15
266,b115a948,540a2009,603a9b9b,1962-02-07,2026-07-15,2026-07-15
270,112f9cab,1bee8a52,418cb37b,1968-02-06,2026-07-15,2026-07-15
271,3cc541a7,ceeb8b0f,7db3183a,1993-09-26,2026-07-15,2026-07-15
272,61fab6f7,0e835475,eded57fa,1999-03-06,2026-07-15,2026-07-15
274,f033669c,cdfae907,d39679c5,1998-01-30,2026-07-15,2026-07-15
275,ca496ce9,766edd72,1ef381f5,1999-02-08,2026-07-15,2026-07-15
276,dd410d5f,4421ba5e,eded57fa,1992-07-16,2026-07-15,2026-07-15
277,4c309170,18e3a5dd,390ad17c,1998-10-29,2026-07-15,2026-07-15
279,f169683e,8adf50f1,b69221de,1999-11-01,2026-07-15,2026-07-15
281,ec486749,f9ee0a6b,52860dfc,1995-02-14,2026-07-15,2026-07-15
285,1a601f48,549b2518,2313495d,1963-06-22,2026-07-15,2026-07-15
286,1dc2bf91,718825f5,fa917638,1965-02-16,2026-07-15,2026-07-15
287,d2599bb6,e0ee24be,7db3183a,1973-09-10,2026-07-15,2026-07-15
290,eb3c1fb7,7eca4a51,52860dfc,1978-07-14,2026-07-15,2026-07-15
291,d8b06558,5ee8ce6e,d39679c5,1962-08-27,2026-07-15,2026-07-15
293,036ada7f,0b4c1bc9,ef7e7141,1973-06-01,2026-07-15,2026-07-15
296,4d5e252e,78731fdd,7e723ce9,1994-11-18,2026-07-15,2026-07-15
297,0b6ae467,39575c59,390ad17c,1979-11-24,2026-07-15,2026-07-15
299,943eab83,6cb91705,5f102a72,1964-05-03,2026-07-15,2026-07-15
301,852032b7,bee948e8,7e723ce9,1963-12-18,2026-07-15,2026-07-15
303,2d4fce37,e043d0e1,eded57fa,2001-06-05,2026-07-15,2026-07-15
305,62bfa0d9,540a2009,52860dfc,1965-02-25,2026-07-15,2026-07-15
306,5a53b8e9,6cb91705,7d815689,1983-08-08,2026-07-15,2026-07-15
307,548dc0b3,f9bde49b,adee1f71,1972-08-20,2026-07-15,2026-07-15
309,1df1fe50,2aec4889,8a9c5316,1965-02-04,2026-07-15,2026-07-15
311,84b47f93,161629bf,adee1f71,1973-04-21,2026-07-15,2026-07-15
312,52368d16,3fb19541,fc1567ca,1984-06-05,2026-07-15,2026-07-15
313,66299238,766edd72,bba5daa3,1982-05-01,2026-07-15,2026-07-15
314,ed4939ed,a1496de7,7db3183a,1991-12-02,2026-07-15,2026-07-15
315,43b89e78,8b6e0586,b8b4b600,1990-09-11,2026-07-15,2026-07-15
316,70bfbcda,161629bf,58b1b1e8,1988-07-11,2026-07-15,2026-07-15
318,b755ebae,8b6e0586,52860dfc,1975-01-04,2026-07-15,2026-07-15
319,91c9bcd7,4d6c4235,6cc6efe9,1999-06-18,2026-07-15,2026-07-15
323,6568690c,426ac428,adee1f71,1976-06-16,2026-07-15,2026-07-15
324,10f10b2b,dacc17bd,e2fe4818,1960-12-28,2026-07-15,2026-07-15
325,4943c5d9,540a2009,41dc430f,1987-05-19,2026-07-15,2026-07-15
327,95f70b4e,083d95b8,b69221de,1966-09-12,2026-07-15,2026-07-15
328,8125c6f0,6190b111,8a9c5316,1970-01-13,2026-07-15,2026-07-15
329,a79b76cb,28158ecc,adee1f71,1980-06-17,2026-07-15,2026-07-15
332,45c95088,92231123,603a9b9b,1975-11-19,2026-07-15,2026-07-15
334,163d0b32,0f47650a,3dea0bd0,2000-02-20,2026-07-15,2026-07-15
335,9ac47356,426ac428,390ad17c,1987-09-06,2026-07-15,2026-07-15
336,1e4cea7e,d8237b2f,c5cd3850,1962-08-11,2026-07-15,2026-07-15
338,6ee48559,398335e0,390ad17c,1964-10-15,2026-07-15,2026-07-15
339,d8edbef1,0b30f461,52860dfc,2001-01-13,2026-07-15,2026-07-15
340,35f98e98,67b6c4c2,2313495d,1971-09-07,2026-07-15,2026-07-15
342,de084e17,540a2009,ab3064b7,2001-10-18,2026-07-15,2026-07-15
343,4049e911,535de310,634d6e16,1970-01-09,2026-07-15,2026-07-15
345,b5297bc8,42de26f1,b8b4b600,1965-08-30,2026-07-15,2026-07-15
346,822c1444,f63bfbf1,7db3183a,1983-04-17,2026-07-15,2026-07-15
347,b68bef7e,34afe30d,6532feae,2002-03-26,2026-07-15,2026-07-15
348,195b4c1c,083d95b8,da69f761,1995-10-01,2026-07-15,2026-07-15
350,c578c38f,766edd72,3eb26a8b,1967-01-10,2026-07-15,2026-07-15
351,0fbb521a,f941418d,c5cd3850,1970-10-13,2026-07-15,2026-07-15
353,1242762d,09342ecc,7e723ce9,1971-05-15,2026-07-15,2026-07-15
357,a84540d1,787a2e4f,0e29b4d8,1968-06-30,2026-07-15,2026-07-15
358,fe86a413,9177b969,6532feae,1981-10-06,2026-07-15,2026-07-15
361,a008a294,77584eed,b2741866,1966-11-25,2026-07-15,2026-07-15
365,5e4299db,f90ce529,d75dc0f9,1965-06-07,2026-07-15,2026-07-15
367,7643c1ee,fa217d65,a4adfa27,1976-06-13,2026-07-15,2026-07-15
369,49fdea5f,1e99316d,d0995158,1971-01-20,2026-07-15,2026-07-15
377,dfcfee6c,c6897c21,da69f761,1986-03-11,2026-07-15,2026-07-15
378,289b72c4,0343e04b,bf8a8c16,1961-12-27,2026-07-15,2026-07-15
379,0a18e760,835b284a,ef7e7141,1967-04-04,2026-07-15,2026-07-15
380,c6934f84,14e1e1b8,da69f761,1990-12-24,2026-07-15,2026-07-15
381,ef5f41ce,b5691081,b69221de,1986-06-06,2026-07-15,2026-07-15
384,b4ca029a,bee948e8,b2741866,2002-05-18,2026-07-15,2026-07-15
385,19a61dd4,67b6c4c2,603a9b9b,1997-07-17,2026-07-15,2026-07-15
386,74258308,0b4c1bc9,19ef70de,1996-10-05,2026-07-15,2026-07-15
389,6f28469e,0e835475,b8b4b600,1990-10-03,2026-07-15,2026-07-15
390,e75bb09b,c782d4a2,1ac4b04b,1994-12-27,2026-07-15,2026-07-15
391,5e3a2195,f466859f,b8b4b600,1961-11-11,2026-07-15,2026-07-15
392,77c6d634,05a7e314,418cb37b,1986-06-01,2026-07-15,2026-07-15
394,aaa7dca8,5ee8ce6e,df41bbaf,1978-04-12,2026-07-15,2026-07-15
396,2e179883,b711fc6c,1ac4b04b,1968-02-19,2026-07-15,2026-07-15
397,febfde98,bee948e8,2313495d,1980-12-26,2026-07-15,2026-07-15
398,425b1d3d,5db71ebf,acb1ec0c,1974-02-23,2026-07-15,2026-07-15
399,e3ec02d4,1fcfe7d4,d16ad133,1977-10-02,2026-07-15,2026-07-15
402,b427b66b,0343e04b,69068f18,1961-01-06,2026-07-15,2026-07-15
404,fa578b09,33f863a7,473d81ec,1966-07-06,2026-07-15,2026-07-15
407,c7ead2cc,40b44c65,568a164b,1971-05-25,2026-07-15,2026-07-15
408,e0e8c2a1,dbad6eff,d39679c5,1995-04-05,2026-07-15,2026-07-15
409,d88f6a7f,2956432e,e2fe4818,1994-10-08,2026-07-15,2026-07-15
410,69956359,77584eed,0e29b4d8,1975-01-16,2026-07-15,2026-07-15
411,c4e558ad,787a2e4f,7d815689,1970-05-06,2026-07-15,2026-07-15
412,f248f0c6,2c89bd61,1ef381f5,1961-07-27,2026-07-15,2026-07-15
414,dfe6e1ff,5256f238,d0995158,1969-10-20,2026-07-15,2026-07-15
415,487a1dd7,e616c108,d39679c5,2001-08-09,2026-07-15,2026-07-15
416,cd901af9,7c18545a,df41bbaf,1976-08-12,2026-07-15,2026-07-15
418,60ce4ade,621d4e69,3eb26a8b,1991-07-10,2026-07-15,2026-07-15
420,aece207c,78731fdd,eded57fa,1990-10-04,2026-07-15,2026-07-15
421,a638b4b0,51d4a5fc,3dea0bd0,1994-12-05,2026-07-15,2026-07-15
422,fb5ef791,317d6b82,52860dfc,1983-07-19,2026-07-15,2026-07-15
426,f0758699,60a9248b,52860dfc,1978-07-02,2026-07-15,2026-07-15
433,f6ab1ed5,c6897c21,52860dfc,1973-08-16,2026-07-15,2026-07-15
440,ed90a296,6190b111,c5cd3850,2000-03-04,2026-07-15,2026-07-15
442,ddaa1bf9,05a7e314,5e9b48a9,1983-11-12,2026-07-15,2026-07-15
443,e1e17a72,f1c202d3,b2741866,1985-02-17,2026-07-15,2026-07-15
444,827ac471,9e8e9f66,1ef381f5,1966-09-02,2026-07-15,2026-07-15
446,45592551,763496c5,58b1b1e8,1994-11-16,2026-07-15,2026-07-15
447,f971e386,f92d512b,db0ef916,1995-10-30,2026-07-15,2026-07-15
454,3184736b,8b6e0586,3dea0bd0,1967-02-10,2026-07-15,2026-07-15
455,750687ab,083d95b8,1ef381f5,1989-05-28,2026-07-15,2026-07-15
456,41c72cdb,dacc17bd,df41bbaf,1982-03-07,2026-07-15,2026-07-15
461,1d9305e2,6190b111,41dc430f,1989-05-05,2026-07-15,2026-07-15
462,fdb588e8,426ac428,e2fe4818,1967-02-26,2026-07-15,2026-07-15
463,37354f22,c6e39e42,fc1567ca,1999-07-20,2026-07-15,2026-07-15
464,bde42cc1,b07a72a1,8a9c5316,1988-05-28,2026-07-15,2026-07-15
465,bed1ac6c,8502a500,1125badb,1977-06-23,2026-07-15,2026-07-15
468,e52f5ed8,e616c108,6cc6efe9,1986-08-24,2026-07-15,2026-07-15
469,2df8b6f4,6cb91705,603a9b9b,1983-11-12,2026-07-15,2026-07-15
470,df28e3f0,f813f1b2,7d815689,1974-06-25,2026-07-15,2026-07-15
471,c475f6fc,300c3018,568a164b,1962-09-24,2026-07-15,2026-07-15
472,7b748fb3,7eca4a51,603a9b9b,1961-02-28,2026-07-15,2026-07-15
475,4ba49536,42de26f1,c5cd3850,1982-04-19,2026-07-15,2026-07-15
476,7704f92c,5db71ebf,fc1567ca,1972-02-25,2026-07-15,2026-07-15
477,f7817da3,5256f238,69068f18,1965-05-28,2026-07-15,2026-07-15
478,ccde9baa,05a7e314,3dea0bd0,1983-09-14,2026-07-15,2026-07-15
479,2d45f6bd,49f22c9d,1125badb,2002-01-19,2026-07-15,2026-07-15
481,68f3c4e5,f63bfbf1,3eb26a8b,1972-03-06,2026-07-15,2026-07-15
482,719fa89e,09342ecc,3eb26a8b,1972-11-02,2026-07-15,2026-07-15
483,df92d410,db794f13,69068f18,1996-12-26,2026-07-15,2026-07-15
484,718406a2,3137dc0d,c5cd3850,1967-10-08,2026-07-15,2026-07-15
487,41087c74,5256f238,568a164b,2002-09-26,2026-07-15,2026-07-15
488,c4cdb41c,835b284a,fa917638,1993-08-23,2026-07-15,2026-07-15
489,35acd685,5b3c2df7,df41bbaf,1994-10-15,2026-07-15,2026-07-15
492,f27a730c,f919f6ea,fa917638,1997-03-06,2026-07-15,2026-07-15
493,315f550b,f8ee8bce,3eb26a8b,1997-01-18,2026-07-15,2026-07-15
494,5482a297,e616c108,b69221de,1963-02-06,2026-07-15,2026-07-15
495,3f09714a,cdfae907,bba5daa3,1995-07-25,2026-07-15,2026-07-15
497,ae0deda5,e616c108,568a164b,1998-03-12,2026-07-15,2026-07-15
