,cod_pessoa,cpf,genero,nome,data_nascimento,cor_da_pele,data_criacao,data_alteracao
0,ef2f0d18,489.174.112-39,U,Nani Farias,2002-09-09,Branca,2026-07-15,2026-07-15
1,d2599bb6,288.562.479-21,M,Leonardo Rodrigues,1982-11-04,Preta,2026-07-15,2026-07-15
2,96379792,676.253.100-89,F,Zilda Helena Moreira,1991-01-13,Amarela,2026-07-15,2026-07-15
3,ff142568,182.798.865-81,M,Leandro Vinícius Pereira,1988-01-03,Branca,2026-07-15,2026-07-15
4,52631cfd,268.402.274-92,M,Gustavo Gabriel Bruno Duarte,1961-10-11,Parda,2026-07-15,2026-07-15
5,5e3a2195,675.740.490-24,F,Bruna Evelyn Rocha,1973-03-26,Preta,2026-07-15,2026-07-15
6,718406a2,622.822.357-58,F,Carla Tatiane Rodrigues,1996-05-19,Branca,2026-07-15,2026-07-15
7,8918f59e,811.456.528-40,U,Tony Leite,1976-07-20,Parda,2026-07-15,2026-07-15
8,96732b67,711.375.159-59,U,Noa Kai Sacha Castro,2001-07-28,Branca,2026-07-15,2026-07-15
9,898f9942,171.484.540-39,U,Duda Rene Dias,1986-05-16,Preta,2026-07-15,2026-07-15
10,91c9bcd7,837.399.858-42,U,Biel Jaci Correia,1960-01-29,Parda,2026-07-15,2026-07-15
11,89c3a817,231.608.310-81,M,Daniel Batista,1973-05-08,Amarela,2026-07-15,2026-07-15
12,18d54ecd,321.748.211-88,M,Elias Ricardo Santos,1980-10-13,Amarela,2026-07-15,2026-07-15
13,8a51bc70,467.264.635-39,F,Fernanda Maria Beatriz Coelho,1980-07-05,Branca,2026-07-15,2026-07-15
14,42d0014c,326.271.743-30,F,Evelyn Débora Aline Castro,1984-03-17,Branca,2026-07-15,2026-07-15
15,eb337b67,531.366.240-85,M,Jorge Gabriel Correia,1961-03-29,Branca,2026-07-15,2026-07-15
16,28e61795,511.582.563-56,F,Elaine Raquel Lopes,1961-07-22,Preta,2026-07-15,2026-07-15
17,cee867e3,324.311.884-83,M,Caio Alessandro Duarte,1967-05-15,Amarela,2026-07-15,2026-07-15
18,289b72c4,741.773.108-25,M,João Silva,1981-02-24,Amarela,2026-07-15,2026-07-15
19,e1255c4a,853.520.745-96,M,Adriano Alves,1997-01-07,Amarela,2026-07-15,2026-07-15
20,9cb6da0b,127.413.427-96,U,Jo Alves,1980-08-23,Parda,2026-07-15,2026-07-15
21,00b2b449,464.409.446-36,F,Gabriela Flávia Oliveira,1989-03-27,Parda,2026-07-15,2026-07-15
22,abeb982e,809.128.771-31,F,Fernanda Nayara Almeida,1980-12-02,Amarela,2026-07-15,2026-07-15
23,fb2ea85d,289.283.718-22,F,Lorena Jaqueline Luciana Lopes,1997-05-12,Preta,2026-07-15,2026-07-15
24,a8a7db6d,826.215.312-33,U,Gael Sales,1962-03-23,Preta,2026-07-15,2026-07-15
25,7b868e56,512.594.229-80,F,Camila Camila Eduarda Costa,1989-02-17,Amarela,2026-07-15,2026-07-15
26,0d4d4804,852.369.404-91,M,Eduardo Márcio Vitor Dias,1987-08-08,Preta,2026-07-15,2026-07-15
27,e9fa8473,679.129.543-33,F,Priscila Flávia Beatriz Ramos,1977-03-05,Branca,2026-07-15,2026-07-15
28,8993064a,787.536.221-91,M,Elias Correia,1994-08-30,Preta,2026-07-15,2026-07-15
29,7e1293e7,334.856.100-43,F,Tainá Vanessa Tainá Freitas,1960-02-27,Preta,2026-07-15,2026-07-15
30,66299238,290.493.350-59,M,Cláudio Ricardo Cláudio Martins,1996-11-06,Amarela,2026-07-15,2026-07-15
31,95f70b4e,890.532.490-16,U,Luca Ciel Monteiro,2001-10-08,Branca,2026-07-15,2026-07-15
32,18ab026b,567.112.120-52,M,Otávio Otávio Cristiano Azevedo,1968-06-15,Branca,2026-07-15,2026-07-15
33,2a4b7987,569.707.285-49,M,Thiago Otávio Nogueira,1984-03-03,Parda,2026-07-15,2026-07-15
34,610703d3,617.579.481-63,M,Diego Roberto Campos,1982-05-15,Branca,2026-07-15,2026-07-15
35,970e594b,625.215.799-34,U,Nani Pereira,1968-05-12,Amarela,2026-07-15,2026-07-15
36,0f7ddb34,810.490.410-89,U,Lee Gabi Nascimento,1965-02-11,Branca,2026-07-15,2026-07-15
37,35acd685,215.271.755-87,F,Bruna Paula Raquel Moura,1989-08-18,Parda,2026-07-15,2026-07-15
38,50d6eca1,260.105.312-96,U,Sacha Noa Joade Oliveira,1994-04-19,Preta,2026-07-15,2026-07-15
39,18d773af,228.837.266-80,U,Yves Luan Jade Rodrigues,1981-09-26,Parda,2026-07-15,2026-07-15
40,41087c74,673.339.523-62,M,Paulo Sérgio Freitas,1972-01-10,Branca,2026-07-15,2026-07-15
41,3f09714a,342.712.305-57,M,Igor Peixoto,1963-04-12,Parda,2026-07-15,2026-07-15
42,8d3cc46f,744.447.671-72,M,Renato Marcelo Fernando Carvalho,1965-01-15,Parda,2026-07-15,2026-07-15
43,6659e936,372.809.211-58,M,Ricardo Samuel Silva,1988-01-26,Branca,2026-07-15,2026-07-15
44,3973c30a,664.571.867-12,F,Daniela Patrícia Simone Ramos,1961-06-25,Branca,2026-07-15,2026-07-15
45,54976ffc,184.673.300-78,F,Nayara Nogueira,1979-05-19,Parda,2026-07-15,2026-07-15
46,bd4a772f,518.265.434-32,M,Roberto João Fernandes,1961-01-05,Parda,2026-07-15,2026-07-15
47,b646f90a,504.802.458-85,M,Gustavo Leandro Ribeiro,1982-05-29,Branca,2026-07-15,2026-07-15
48,2f566bdb,596.654.463-41,U,Ryan Sacha Pinto,1987-12-06,Amarela,2026-07-15,2026-07-15
49,cf702e58,641.629.375-78,F,Elaine Maria Tainá Gomes,1996-05-24,Amarela,2026-07-15,2026-07-15
50,dba96491,900.120.401-68,F,Bruna Aline Coelho,1974-02-16,Parda,2026-07-15,2026-07-15
51,9a6b952f,555.739.829-97,F,Geovana Priscila Moreira,1987-06-11,Parda,2026-07-15,2026-07-15
52,c7ead2cc,180.208.343-70,M,Adriano Daniel Leonardo Reis,1973-02-09,Preta,2026-07-15,2026-07-15
53,6568690c,266.453.385-35,U,Jaci Lee Yuri Fernandes,1964-04-15,Amarela,2026-07-15,2026-07-15
54,148414de,818.195.400-93,F,Nayara Fernandes,1990-12-01,Parda,2026-07-15,2026-07-15
55,628a4d89,858.165.787-60,M,Pedro Rodrigo Lima,1974-06-25,Amarela,2026-07-15,2026-07-15
56,4960cc67,384.673.179-98,M,Vinícius Paulo Batista,2000-09-26,Branca,2026-07-15,2026-07-15
57,cc9f65a9,366.258.515-96,F,Patrícia Evelyn Ramos,2002-05-30,Branca,2026-07-15,2026-07-15
58,e52f5ed8,729.239.872-92,U,Ari Fernandes,1984-05-08,Amarela,2026-07-15,2026-07-15
59,465c1c13,407.410.583-30,M,Diego Daniel Mário Reis,1978-01-09,Preta,2026-07-15,2026-07-15
60,9ba3e654,288.802.882-77,U,Mika Souza,1990-05-24,Preta,2026-07-15,2026-07-15
61,4eec1f1a,737.549.223-39,U,Noel Noel Batista,1971-06-02,Amarela,2026-07-15,2026-07-15
62,0fbfd231,521.378.865-18,M,Alexandre Vitor Pinto,1994-12-08,Preta,2026-07-15,2026-07-15
63,1d498af8,730.798.437-66,M,Carlos Carvalho,1962-04-02,Preta,2026-07-15,2026-07-15
64,8c474c43,226.849.434-49,M,Eduardo Marcelo Henrique Reis,1991-10-15,Parda,2026-07-15,2026-07-15
65,aa2b41fc,841.616.629-52,F,Bianca Araújo,1966-01-05,Amarela,2026-07-15,2026-07-15
66,2d3f1748,260.350.722-29,M,Marcelo Rocha,1996-09-29,Preta,2026-07-15,2026-07-15
67,d3ca4559,179.639.838-79,M,Gustavo Danilo Diego Castro,1965-02-05,Amarela,2026-07-15,2026-07-15
68,edfc95c9,735.465.258-53,F,Natália Azevedo,1971-10-16,Parda,2026-07-15,2026-07-15
69,bd5892a8,807.698.375-26,F,Raquel Duarte,1990-12-06,Amarela,2026-07-15,2026-07-15
70,b7effad0,475.201.556-61,F,Daniela Jaqueline Simone Lopes,1976-12-17,Preta,2026-07-15,2026-07-15
71,da1ee912,657.165.325-17,M,Pedro Azevedo,1996-07-29,Parda,2026-07-15,2026-07-15
72,32029984,589.213.795-36,M,Rogério José Vinícius Costa,1986-12-27,Amarela,2026-07-15,2026-07-15
73,036ada7f,744.783.381-51,M,Leandro Caio Sérgio Silva,1965-05-14,Amarela,2026-07-15,2026-07-15
74,0fbb521a,344.642.705-97,M,Cláudio Marcelo Coelho,1980-07-07,Parda,2026-07-15,2026-07-15
75,434c2454,575.824.834-76,F,Daniela Beatriz Farias,1979-04-08,Branca,2026-07-15,2026-07-15
76,130d1b4b,157.580.697-56,M,Sérgio Márcio Oliveira,2001-09-12,Parda,2026-07-15,2026-07-15
77,5fa67afe,524.325.292-28,F,Sabrina Sílvia Cardoso,1996-02-04,Parda,2026-07-15,2026-07-15
78,878ac43c,691.884.117-99,U,Nani Fran Sales,1967-03-12,Parda,2026-07-15,2026-07-15
79,d8a2bbd7,445.842.217-93,F,Nayara Sabrina Simone Campos,1993-06-18,Amarela,2026-07-15,2026-07-15
80,8a62b3ac,574.791.645-79,F,Patrícia Machado,1983-09-21,Amarela,2026-07-15,2026-07-15
81,aaa7dca8,422.675.186-24,F,Patrícia Correia,1982-01-30,Branca,2026-07-15,2026-07-15
82,2d920761,600.188.418-86,U,Kai Sacha Teixeira,1969-02-04,Parda,2026-07-15,2026-07-15
83,95b51c57,340.483.799-37,M,Otávio Nascimento,1997-01-25,Branca,2026-07-15,2026-07-15
84,51825d53,842.894.754-57,U,Alex Eden Oliveira,1993-07-26,Preta,2026-07-15,2026-07-15
85,4aeffd09,540.597.538-29,F,Tainá Juliana Flávia Ramos,1967-09-16,Amarela,2026-07-15,2026-07-15
86,91703de8,400.726.132-98,U,Biel Sol Moreira,1960-01-18,Branca,2026-07-15,2026-07-15
87,a69c9a14,784.243.149-88,F,Jéssica Carvalho,1979-05-23,Preta,2026-07-15,2026-07-15
88,beb07275,433.230.566-44,U,Mari Vieira,2001-04-06,Branca,2026-07-15,2026-07-15
89,1f937553,744.375.537-90,M,Renato Marcos Lima,1997-09-21,Branca,2026-07-15,2026-07-15
90,fdb588e8,416.227.816-50,U,Ari Tay Nani Carvalho,2001-11-04,Branca,2026-07-15,2026-07-15
91,b3125078,597.488.768-76,M,Samuel Mário Souza,1961-09-21,Branca,2026-07-15,2026-07-15
92,2ca25cdb,133.885.448-48,U,Duda Sales,1971-06-06,Preta,2026-07-15,2026-07-15
93,d14e52b1,564.791.523-97,M,Rodrigo Eduardo Sales,1988-07-06,Parda,2026-07-15,2026-07-15
94,03fab08d,760.423.812-18,F,Bruna Ana Maria Freire,1999-12-13,Branca,2026-07-15,2026-07-15
95,97682d83,292.316.888-65,U,Yves Santos,1984-01-07,Parda,2026-07-15,2026-07-15
96,78021906,441.480.779-31,M,Mário Gustavo Carvalho,1974-08-15,Parda,2026-07-15,2026-07-15
97,febfde98,843.501.814-51,M,Fernando Ramos,1960-02-10,Amarela,2026-07-15,2026-07-15
98,8e0d1d27,202.411.554-89,M,Fernando Felipe Adriano Campos,1979-01-16,Branca,2026-07-15,2026-07-15
99,b716556b,891.201.287-55,M,Rafael Ramos,1972-05-09,Branca,2026-07-15,2026-07-15
100,41bd073b,539.339.891-21,F,Cristiane Simone Dias,1987-06-17,Amarela,2026-07-15,2026-07-15
101,56205f69,494.735.228-14,M,Diego Rodrigo Caio Campos,1996-01-22,Branca,2026-07-15,2026-07-15
102,83a85055,668.692.114-95,U,Eli Nani Rene Teixeira,1962-11-23,Preta,2026-07-15,2026-07-15
103,2a848fbd,249.832.448-44,F,Amanda Bianca Batista,1973-03-20,Branca,2026-07-15,2026-07-15
104,a9b8d678,389.873.800-39,U,Tay Gael Martins,2000-03-18,Preta,2026-07-15,2026-07-15
105,369a8438,542.468.835-96,F,Sílvia Bianca Bianca Batista,1986-04-02,Preta,2026-07-15,2026-07-15
106,1e4cea7e,749.396.278-34,F,Beatriz Coelho,1998-04-09,Parda,2026-07-15,2026-07-15
107,ae0aa89b,824.311.307-26,M,Pedro Roberto Rodrigues,1988-04-27,Parda,2026-07-15,2026-07-15
108,b4065ef4,864.627.567-36,U,Lori Souza,1996-12-19,Branca,2026-07-15,2026-07-15
109,533791e4,829.180.623-65,F,Olívia Helena Elaine Monteiro,1962-09-09,Preta,2026-07-15,2026-07-15
110,a1ba575a,385.129.228-39,U,Cris Moura,1987-12-21,Branca,2026-07-15,2026-07-15
111,f033669c,438.534.796-14,U,Mari Acyr Oliveira,1998-01-15,Preta,2026-07-15,2026-07-15
112,0d3f9788,783.275.388-45,M,Marcelo Ramos,1968-12-27,Parda,2026-07-15,2026-07-15
113,b28fc5c5,589.377.526-31,M,Vitor Otávio Sales,1985-01-20,Amarela,2026-07-15,2026-07-15
114,694c9343,339.596.657-53,M,Igor Rocha,1998-02-26,Branca,2026-07-15,2026-07-15
115,d7eeca4b,468.283.531-36,F,Luciana Sílvia Larissa Monteiro,1996-08-08,Amarela,2026-07-15,2026-07-15
116,24aa3e51,811.169.517-87,F,Fabiana Olívia Campos,1964-03-11,Branca,2026-07-15,2026-07-15
117,dbbdc07d,292.482.808-22,F,Ingrid Araújo,1994-02-24,Amarela,2026-07-15,2026-07-15
118,117f1ca5,444.283.651-79,F,Eduarda Maria Elaine Oliveira,1991-01-26,Branca,2026-07-15,2026-07-15
119,1c803ef6,346.722.549-27,F,Jéssica Cristiane Karen Nogueira,1967-10-30,Amarela,2026-07-15,2026-07-15
120,77c6d634,214.603.471-72,U,Rene Nascimento,1989-06-14,Branca,2026-07-15,2026-07-15
121,35f98e98,768.140.763-14,F,Letícia Evelyn Mendes,1979-07-23,Parda,2026-07-15,2026-07-15
122,467e0429,710.454.137-79,F,Helena Nogueira,1978-12-19,Preta,2026-07-15,2026-07-15
123,87a9d3c3,527.649.756-27,U,Gael Gabi Soares,1960-03-02,Preta,2026-07-15,2026-07-15
124,d57be0f9,175.317.843-23,U,Zion Campos,1994-07-19,Amarela,2026-07-15,2026-07-15
125,ae18638f,673.106.874-88,M,Gustavo Márcio Araújo,1964-01-26,Parda,2026-07-15,2026-07-15
126,862b8458,114.705.333-16,M,César Mário Moreira,1978-07-13,Amarela,2026-07-15,2026-07-15
127,3fc80484,540.619.484-75,M,Carlos Daniel Freire,2002-06-30,Preta,2026-07-15,2026-07-15
128,15a65ae5,888.889.128-46,U,Cadu Isa Duda Reis,1987-05-27,Branca,2026-07-15,2026-07-15
129,43b89e78,764.288.146-23,U,Rael Val Yuri Azevedo,1969-07-30,Amarela,2026-07-15,2026-07-15
130,bf173c73,179.373.166-50,M,Igor Reis,1998-08-20,Amarela,2026-07-15,2026-07-15
131,ec06ef75,118.385.249-31,U,Kim Cavalcanti,1968-03-29,Parda,2026-07-15,2026-07-15
132,c53ba1f0,707.314.439-61,F,Geovana Larissa Amanda Freire,1991-03-26,Branca,2026-07-15,2026-07-15
133,80dd5df6,890.254.202-38,U,Cris Carvalho,1971-12-22,Parda,2026-07-15,2026-07-15
134,8b414a94,643.285.250-69,M,Rogério Matheus Gustavo Batista,1997-11-10,Preta,2026-07-15,2026-07-15
135,8286fd53,299.618.586-45,U,Gael Cavalcanti,1963-07-13,Amarela,2026-07-15,2026-07-15
136,b427b66b,404.192.203-61,F,Helena Beatriz Geovana Soares,1975-12-30,Parda,2026-07-15,2026-07-15
137,e47eaed4,891.851.651-77,U,Noel Tony Tay Rodrigues,1975-06-22,Branca,2026-07-15,2026-07-15
138,9ada5a7c,176.273.269-50,F,Jéssica Luciana Almeida,1972-01-29,Preta,2026-07-15,2026-07-15
139,8a6bad04,120.557.886-65,U,Zion Lee Gomes,1974-06-26,Amarela,2026-07-15,2026-07-15
140,50641c23,441.647.348-79,M,Marcos Soares,1978-08-19,Amarela,2026-07-15,2026-07-15
141,1cc015d8,206.286.845-85,U,Yves Jan Sales,1973-11-24,Amarela,2026-07-15,2026-07-15
142,c2e395dd,758.605.573-32,F,Jéssica Soares,1993-09-02,Parda,2026-07-15,2026-07-15
143,dd410d5f,634.244.774-22,F,Michele Helena Jaqueline Coelho,1968-02-11,Branca,2026-07-15,2026-07-15
144,ec5b641f,312.569.574-60,M,Pedro Jorge Sales,1963-01-13,Amarela,2026-07-15,2026-07-15
145,e4debd30,323.477.721-45,U,Mari Ferreira,1986-04-15,Branca,2026-07-15,2026-07-15
146,2dcdeda3,630.302.493-34,F,Geovana Teixeira,1965-09-15,Preta,2026-07-15,2026-07-15
147,0b6ae467,443.212.880-18,M,César Diego Almeida,1974-06-16,Amarela,2026-07-15,2026-07-15
148,96466724,693.853.817-62,M,Pedro Cláudio Cardoso,1973-11-09,Preta,2026-07-15,2026-07-15
149,647df2a3,754.666.114-14,U,Yuri Eden Coelho,1992-07-04,Amarela,2026-07-15,2026-07-15
150,5a53b8e9,733.776.459-10,U,Ayo Freitas,1989-12-20,Parda,2026-07-15,2026-07-15
151,1e59121b,820.324.466-35,F,Geovana Freire,1967-07-22,Preta,2026-07-15,2026-07-15
152,07c5efaa,697.228.821-37,M,Cláudio Cristiano Sérgio Martins,1999-02-04,Amarela,2026-07-15,2026-07-15
153,92f2fd13,239.804.500-61,F,Natália Sílvia Lima,1963-01-03,Parda,2026-07-15,2026-07-15
154,41c72cdb,786.629.502-57,F,Cláudia Nayara Correia,1972-01-05,Preta,2026-07-15,2026-07-15
155,4096ce33,702.663.695-68,F,Olívia Letícia Olívia Souza,1960-12-17,Parda,2026-07-15,2026-07-15
156,d88f6a7f,443.582.818-56,U,Ayo Gomes,1993-12-04,Amarela,2026-07-15,2026-07-15
157,afffa2fe,336.516.575-14,M,Leonardo Marcelo Carvalho,1960-02-14,Branca,2026-07-15,2026-07-15
158,72fb51ab,313.676.866-45,F,Sílvia Tainá Correia,1999-06-27,Parda,2026-07-15,2026-07-15
159,bbb73d9c,704.864.542-64,F,Bruna Barbosa,1961-08-04,Parda,2026-07-15,2026-07-15
160,878999ea,344.790.462-86,M,Leandro Borges,1985-08-03,Preta,2026-07-15,2026-07-15
161,6bd01ab1,235.587.863-40,F,Tainá Duarte,1986-06-01,Branca,2026-07-15,2026-07-15
162,e6d45de3,452.357.424-54,M,Pedro Vieira,1993-06-14,Parda,2026-07-15,2026-07-15
163,15c41c28,252.298.384-27,M,Paulo Thiago Pedro Ramos,1995-12-24,Amarela,2026-07-15,2026-07-15
164,205742d2,877.486.167-74,M,Marcelo Sérgio Farias,1982-01-27,Branca,2026-07-15,2026-07-15
165,860df6aa,567.279.136-54,U,Jaci Ciel Jade Duarte,1971-09-28,Parda,2026-07-15,2026-07-15
166,fa578b09,611.427.494-93,M,Fábio Cláudio Marcos Ferreira,1996-05-13,Preta,2026-07-15,2026-07-15
167,040a6b6a,818.217.406-99,F,Fernanda Mariana Débora Moura,2002-01-11,Amarela,2026-07-15,2026-07-15
168,a4e3426c,731.383.648-74,M,Samuel Felipe Pedro Gomes,1983-01-05,Parda,2026-07-15,2026-07-15
169,2e7a6d03,519.831.274-69,U,Ciel Lima,1968-08-11,Branca,2026-07-15,2026-07-15
170,8125c6f0,566.583.381-14,U,Biel Nogueira,1994-02-19,Branca,2026-07-15,2026-07-15
171,c208441a,148.164.897-90,M,Igor Sérgio Marcos Machado,1971-07-27,Branca,2026-07-15,2026-07-15
172,c35b77c9,641.241.475-80,U,Noa Joade Lopes,1991-09-29,Preta,2026-07-15,2026-07-15
173,aece207c,806.739.100-87,F,Sabrina Geovana Pereira,1971-03-22,Amarela,2026-07-15,2026-07-15
174,58bff7d8,434.884.621-35,U,Ayo Duda Eden Sales,1974-10-09,Preta,2026-07-15,2026-07-15
175,7fddfb89,803.394.293-67,F,Tatiane Mariana Freitas,1972-05-28,Amarela,2026-07-15,2026-07-15
176,d0a64552,380.745.314-53,M,Paulo Igor Silva,1996-03-04,Parda,2026-07-15,2026-07-15
177,15465dcb,276.273.824-80,F,Paula Bruna Campos,1974-03-22,Preta,2026-07-15,2026-07-15
178,c586920c,538.252.746-74,F,Jaqueline Lorena Priscila Fernandes,1996-05-25,Parda,2026-07-15,2026-07-15
179,943eab83,344.706.681-95,M,Rogério Moura,1969-12-28,Amarela,2026-07-15,2026-07-15
180,4bdce932,663.460.756-43,U,Tay Nascimento,1987-10-04,Amarela,2026-07-15,2026-07-15
181,1df1fe50,377.614.163-38,U,Acyr Dani Lee Freitas,1990-05-22,Preta,2026-07-15,2026-07-15
182,bde42cc1,219.657.308-25,M,Paulo Rafael Fernandes,1969-11-15,Branca,2026-07-15,2026-07-15
183,cedf6f69,427.883.190-13,U,Cris Cadu Moreira,1991-08-11,Branca,2026-07-15,2026-07-15
184,eb3c1fb7,850.658.528-74,F,Paula Aline Duarte,1991-09-04,Parda,2026-07-15,2026-07-15
185,4e5a2f15,419.302.755-70,U,Gabi Sales,1960-04-22,Branca,2026-07-15,2026-07-15
186,a008a294,424.360.171-47,M,Vinícius Pereira,1988-02-14,Parda,2026-07-15,2026-07-15
187,6bd6b03d,813.281.473-13,U,Lori Duda Gabi Alves,2002-11-10,Parda,2026-07-15,2026-07-15
188,924ce702,786.834.205-94,U,Zion Lua Cavalcanti,1976-12-29,Preta,2026-07-15,2026-07-15
189,3a1756fa,533.486.753-28,M,Daniel Campos,1994-10-22,Branca,2026-07-15,2026-07-15
190,507b6871,825.818.580-86,U,Duda Fernandes,1998-04-21,Amarela,2026-07-15,2026-07-15
191,827ac471,402.264.852-85,M,Vinícius Elias Coelho,1987-02-08,Amarela,2026-07-15,2026-07-15
192,e942aab7,864.462.707-59,F,Débora Evelyn Carla Leite,1995-04-12,Preta,2026-07-15,2026-07-15
193,77449c06,372.212.278-31,M,Carlos Vitor Vinícius Nogueira,2000-08-13,Branca,2026-07-15,2026-07-15
194,426b4cc0,386.443.892-74,U,Lua Ariel Mika Batista,1982-01-26,Amarela,2026-07-15,2026-07-15
195,f84c5050,512.176.154-95,M,Rafael Matheus Leandro Batista,1972-02-15,Preta,2026-07-15,2026-07-15
196,3dd2333e,882.623.665-65,U,Sacha Castro,1977-12-10,Branca,2026-07-15,2026-07-15
197,daf3e825,400.154.899-66,F,Tainá Barbosa,1963-08-19,Preta,2026-07-15,2026-07-15
198,ef5f41ce,127.350.105-44,M,Renato Márcio Campos,1965-01-22,Branca,2026-07-15,2026-07-15
199,148dadf2,784.108.477-53,F,Renata Elaine Ribeiro,1996-10-25,Parda,2026-07-15,2026-07-15
200,5270265d,698.491.763-62,F,Cristiane Gomes,1971-11-20,Preta,2026-07-15,2026-07-15
201,5a9a4ebb,802.741.383-56,M,Lucas Lucas Mário Rodrigues,1962-09-02,Parda,2026-07-15,2026-07-15
202,b03540b1,453.177.508-16,M,Márcio Ricardo Adriano Pinto,1987-07-07,Parda,2026-07-15,2026-07-15
203,62baf108,826.752.742-62,F,Ingrid Lima,1972-12-11,Branca,2026-07-15,2026-07-15
204,3b48a8e3,324.331.699-47,U,Noel Biel Gabi Pinto,2000-02-11,Amarela,2026-07-15,2026-07-15
205,63369e6c,617.718.283-11,U,Sol Nani Martins,1992-03-28,Preta,2026-07-15,2026-07-15
206,0d484e5f,663.601.259-65,F,Michele Souza,1965-03-26,Parda,2026-07-15,2026-07-15
207,11f3df17,811.352.657-85,F,Maria Lima,1962-06-22,Parda,2026-07-15,2026-07-15
208,e89b35ce,680.455.618-52,M,Cláudio Lima,1975-03-24,Preta,2026-07-15,2026-07-15
209,7788f28a,884.481.866-86,U,Kim Farias,1993-11-10,Branca,2026-07-15,2026-07-15
210,79817db7,605.879.370-18,U,Cris Souza,1989-05-13,Amarela,2026-07-15,2026-07-15
211,fb84877a,196.756.245-48,M,Vitor Danilo Moura,1960-04-07,Branca,2026-07-15,2026-07-15
212,fb87e33d,276.459.753-59,M,Henrique Bruno Pereira,1968-03-11,Branca,2026-07-15,2026-07-15
213,1139e59a,564.892.313-86,U,Kai Andy Rodrigues,1960-07-14,Parda,2026-07-15,2026-07-15
214,df92d410,495.428.638-31,F,Elaine Vanessa Santos,1989-12-24,Amarela,2026-07-15,2026-07-15
215,3d6a9dc8,108.156.408-63,F,Nayara Raquel Daniela Campos,1983-02-05,Amarela,2026-07-15,2026-07-15
216,0fecacbf,537.759.848-74,M,André Eduardo Marcos Freire,1989-06-11,Branca,2026-07-15,2026-07-15
217,98313937,792.356.188-51,M,Rodrigo Mendes,1967-07-02,Parda,2026-07-15,2026-07-15
218,2d45f6bd,490.688.353-65,U,Dani Nogueira,1987-10-06,Parda,2026-07-15,2026-07-15
219,fc9cf0b8,161.234.346-40,U,Ryan Yuri Duda Reis,1966-04-13,Amarela,2026-07-15,2026-07-15
220,8b319808,246.898.480-24,F,Letícia Larissa Cardoso,1989-09-04,Parda,2026-07-15,2026-07-15
221,4392286c,728.313.173-26,U,Dani Jo Dani Araújo,1977-10-21,Parda,2026-07-15,2026-07-15
222,a8539542,273.629.246-32,U,Beni Lopes,1966-03-21,Parda,2026-07-15,2026-07-15
223,c712e644,849.577.258-42,M,Felipe Ramos,1977-11-11,Preta,2026-07-15,2026-07-15
224,53c7fa69,730.257.441-70,U,Sol Fran Alex Dias,1993-07-01,Branca,2026-07-15,2026-07-15
225,a71b0343,216.593.213-68,F,Mariana Beatriz Ribeiro,1998-08-05,Amarela,2026-07-15,2026-07-15
226,e6972323,793.411.850-71,F,Fabiana Machado,1987-11-14,Branca,2026-07-15,2026-07-15
227,13be7576,430.743.450-72,M,César Carlos Leandro Leite,1968-11-11,Parda,2026-07-15,2026-07-15
228,a5ae52f4,429.267.460-65,M,Pedro Barbosa,1987-05-13,Amarela,2026-07-15,2026-07-15
229,41b74d8d,754.509.126-61,F,Olívia Gomes,1996-05-30,Parda,2026-07-15,2026-07-15
230,c349e5a3,216.454.141-73,F,Letícia Cristiane Lima,1990-01-01,Branca,2026-07-15,2026-07-15
231,6e448a77,688.663.333-76,M,Mário Adriano Pedro Azevedo,1969-12-26,Parda,2026-07-15,2026-07-15
232,60110433,871.326.532-87,F,Sabrina Sílvia Borges,1973-01-16,Preta,2026-07-15,2026-07-15
233,ccde9baa,742.627.393-76,U,Jaci Coelho,1969-05-21,Branca,2026-07-15,2026-07-15
234,3929633d,899.380.217-52,F,Juliana Evelyn Pinto,1988-01-04,Amarela,2026-07-15,2026-07-15
235,dd3198d1,117.587.119-34,U,Yves Tony Gael Ribeiro,1977-04-15,Branca,2026-07-15,2026-07-15
236,15a70db6,835.207.757-44,F,Bruna Carla Maria Duarte,1991-05-22,Amarela,2026-07-15,2026-07-15
237,e666d1de,521.454.512-85,M,Marcos Leandro Samuel Correia,1994-01-28,Parda,2026-07-15,2026-07-15
238,fb638059,625.658.434-59,M,Renato Martins,1974-04-01,Amarela,2026-07-15,2026-07-15
239,6217138b,741.451.666-10,F,Amanda Lima,1981-12-23,Amarela,2026-07-15,2026-07-15
240,89eec31c,346.105.473-66,M,Gilberto Adriano Danilo Lima,2002-12-20,Preta,2026-07-15,2026-07-15
241,f27a730c,383.187.101-26,M,Eduardo Jorge Ramos,1967-11-03,Branca,2026-07-15,2026-07-15
242,36e63beb,437.742.758-33,F,Paula Leite,1966-07-12,Parda,2026-07-15,2026-07-15
243,0fcaa55a,200.581.165-28,M,Jorge Fábio Mário Cavalcanti,1968-09-11,Preta,2026-07-15,2026-07-15
244,79a8f11f,485.528.218-92,F,Simone Helena Ribeiro,1990-01-02,Parda,2026-07-15,2026-07-15
245,8f52cc69,289.522.322-21,U,Duda Kai Cris Gomes,1990-06-14,Preta,2026-07-15,2026-07-15
246,abe55d2b,668.683.663-65,U,Zion Machado,1978-06-29,Amarela,2026-07-15,2026-07-15
247,c1514e37,347.792.217-10,F,Simone Lorena Soares,1962-06-22,Parda,2026-07-15,2026-07-15
248,6ba479f4,330.140.535-36,M,Vitor Campos,1984-05-03,Parda,2026-07-15,2026-07-15
249,7f762670,565.621.487-51,M,Sérgio Ricardo Valdir Nascimento,1991-03-26,Amarela,2026-07-15,2026-07-15
250,ad1dc1ef,501.576.482-61,M,Diego Diego Paulo Machado,2000-07-24,Branca,2026-07-15,2026-07-15
251,7832cb68,784.475.869-42,U,Mika Lopes,1991-12-28,Amarela,2026-07-15,2026-07-15
252,c88f1b8d,756.464.261-59,U,Tay Freire,1996-01-21,Parda,2026-07-15,2026-07-15
253,c72ef8c5,844.593.900-31,F,Letícia Karen Flávia Reis,1981-10-08,Parda,2026-07-15,2026-07-15
254,35845aff,755.884.286-75,U,Isa Martins,1973-06-15,Parda,2026-07-15,2026-07-15
255,7a5034d6,583.621.315-35,U,Jade Lori Noel Azevedo,1991-11-19,Branca,2026-07-15,2026-07-15
256,f169683e,893.474.819-67,F,Natália Cristiane Lorena Duarte,1987-03-12,Amarela,2026-07-15,2026-07-15
257,a587486e,509.466.319-34,M,César Sérgio Martins,1983-09-15,Preta,2026-07-15,2026-07-15
258,1e657c7b,552.328.517-35,M,Elias Mendes,1975-08-01,Branca,2026-07-15,2026-07-15
259,f388a9b8,365.677.664-26,U,Eli Isa Santos,1984-07-14,Preta,2026-07-15,2026-07-15
260,3a1572cc,761.315.179-23,M,Marcelo Pedro Nascimento,1976-05-18,Amarela,2026-07-15,2026-07-15
261,4d5e252e,739.242.326-27,M,Adriano Carvalho,1960-03-02,Branca,2026-07-15,2026-07-15
262,3f21a6ac,306.458.759-89,M,Felipe Almeida,1994-11-23,Amarela,2026-07-15,2026-07-15
263,a638b4b0,334.786.892-89,F,Ana Cláudia Letícia Araújo,1961-12-12,Amarela,2026-07-15,2026-07-15
264,e6aa7c69,534.400.643-12,U,Ryan Ari Moura,1975-09-03,Preta,2026-07-15,2026-07-15
265,a79b76cb,196.774.313-53,F,Yasmin Maria Gabriela Pereira,1999-08-19,Amarela,2026-07-15,2026-07-15
266,b8a9d721,191.376.178-89,M,Daniel Freitas,1974-07-19,Preta,2026-07-15,2026-07-15
267,1d9305e2,127.823.856-34,U,Andy Jaci Campos,1971-07-21,Amarela,2026-07-15,2026-07-15
268,ff079788,876.239.621-10,M,Leonardo Vitor Leonardo Soares,1980-03-29,Branca,2026-07-15,2026-07-15
269,ed4939ed,304.769.580-64,F,Aline Karen Isabela Lopes,1985-08-20,Parda,2026-07-15,2026-07-15
270,e0e8c2a1,116.813.749-63,M,Cristiano Leite,1996-10-01,Parda,2026-07-15,2026-07-15
271,4efc4a1c,688.187.527-90,M,Ricardo Ricardo Coelho,1967-06-08,Preta,2026-07-15,2026-07-15
272,c1b30594,242.327.312-45,F,Priscila Paula Paula Coelho,1979-03-18,Parda,2026-07-15,2026-07-15
273,0368cd9d,674.172.656-74,U,Ayo Luca Ryan Freitas,1991-02-04,Branca,2026-07-15,2026-07-15
274,6601ea7f,740.534.310-74,U,Tony Tony Acyr Martins,1986-08-13,Preta,2026-07-15,2026-07-15
275,0b78e4bc,444.314.416-41,M,Daniel Leonardo Mendes,1982-12-06,Amarela,2026-07-15,2026-07-15
276,01974f0f,623.108.129-96,F,Beatriz Ingrid Vieira,1995-09-22,Parda,2026-07-15,2026-07-15
277,c3ca7484,460.818.845-39,F,Bruna Pereira,2002-12-14,Amarela,2026-07-15,2026-07-15
278,181424e8,459.170.627-93,U,Noa Mika Val Vieira,1974-06-20,Branca,2026-07-15,2026-07-15
279,02a900d3,610.123.874-77,F,Flávia Jéssica Elaine Barbosa,1999-01-28,Preta,2026-07-15,2026-07-15
280,3d657bb9,378.414.466-59,F,Helena Cardoso,1970-01-03,Preta,2026-07-15,2026-07-15
281,45c95088,113.173.357-63,U,Kai Eli Lua Correia,1992-12-13,Parda,2026-07-15,2026-07-15
282,7a880796,710.166.793-98,U,Mari Yuri Dias,1997-10-05,Amarela,2026-07-15,2026-07-15
283,6ef9ace3,242.843.447-79,M,Gabriel Matheus Marcelo Machado,1994-10-15,Branca,2026-07-15,2026-07-15
284,7a5bc5c2,181.585.495-78,M,Mário Pinto,1979-12-13,Preta,2026-07-15,2026-07-15
285,2d4fce37,384.635.282-62,M,Roberto Peixoto,1967-07-09,Preta,2026-07-15,2026-07-15
286,4c309170,247.451.446-63,F,Isabela Tatiane Beatriz Fernandes,1995-09-17,Amarela,2026-07-15,2026-07-15
287,fb5ef791,350.223.744-29,M,Ricardo Azevedo,1995-01-16,Parda,2026-07-15,2026-07-15
288,df28e3f0,725.420.118-54,U,Sam Ciel Fran Rodrigues,1999-09-12,Amarela,2026-07-15,2026-07-15
289,c3ea8c00,274.583.540-71,F,Michele Fernanda Evelyn Reis,1984-09-26,Parda,2026-07-15,2026-07-15
290,ac26f56f,581.866.289-19,M,Pedro Araújo,1996-07-10,Preta,2026-07-15,2026-07-15
291,d23b944f,119.425.427-17,M,Igor Danilo Oliveira,1990-08-15,Parda,2026-07-15,2026-07-15
292,fa0bd1c8,873.522.726-66,F,Luciana Cavalcanti,1966-08-30,Parda,2026-07-15,2026-07-15
293,ae974f25,466.488.315-50,U,Beni Sol Campos,1978-08-30,Parda,2026-07-15,2026-07-15
294,2a9b3aaa,341.101.200-77,U,Yves Val Rene Ribeiro,1964-08-28,Parda,2026-07-15,2026-07-15
295,f248f0c6,849.502.604-65,U,Ayo Ryan Teixeira,1981-07-06,Amarela,2026-07-15,2026-07-15
296,689d5890,373.745.777-40,F,Zilda Amanda Juliana Pereira,1995-11-08,Preta,2026-07-15,2026-07-15
297,cbc45b65,581.392.697-65,F,Carla Patrícia Gomes,1989-04-29,Amarela,2026-07-15,2026-07-15
298,aee51992,453.774.652-64,M,Gustavo Valdir Rodrigues,1972-05-06,Amarela,2026-07-15,2026-07-15
299,a040e169,831.383.797-43,F,Jéssica Beatriz Tainá Farias,1992-04-13,Branca,2026-07-15,2026-07-15
300,a1c09062,274.199.791-49,F,Elaine Martins,1980-12-25,Amarela,2026-07-15,2026-07-15
301,ac2c30bf,120.534.843-51,F,Fernanda Mendes,1963-04-08,Preta,2026-07-15,2026-07-15
302,3110a49a,277.583.402-22,F,Larissa Tainá Monteiro,1996-04-19,Amarela,2026-07-15,2026-07-15
303,28d91408,401.284.804-97,U,Jo Gabi Cardoso,1990-07-12,Branca,2026-07-15,2026-07-15
304,e7bfff87,334.451.503-86,F,Ana Sabrina Freitas,1966-09-25,Parda,2026-07-15,2026-07-15
305,f908fea2,646.406.514-74,U,Noa Fran Jaci Alves,1991-01-02,Preta,2026-07-15,2026-07-15
306,60c38ae4,520.761.443-10,F,Fabiana Elaine Reis,1999-11-26,Preta,2026-07-15,2026-07-15
307,550393a0,844.779.619-42,U,Isa Ciel Mari Cardoso,1988-10-10,Amarela,2026-07-15,2026-07-15
308,750687ab,257.783.679-78,M,Samuel Correia,1988-11-06,Amarela,2026-07-15,2026-07-15
309,ada44e5b,828.228.723-44,M,Felipe Gustavo Ribeiro,1965-06-09,Amarela,2026-07-15,2026-07-15
310,e224a8c6,779.338.335-99,F,Beatriz Jaqueline Martins,1972-04-11,Preta,2026-07-15,2026-07-15
311,70bfbcda,779.416.871-81,M,Adriano Igor Machado,1976-03-20,Parda,2026-07-15,2026-07-15
312,2f730975,273.586.542-97,M,Diego Lima,1968-05-12,Branca,2026-07-15,2026-07-15
313,f7817da3,795.228.779-78,F,Tainá Cristiane Freitas,1972-02-27,Preta,2026-07-15,2026-07-15
314,43cbe6fa,313.316.399-40,U,Dani Dani Duarte,1966-12-17,Parda,2026-07-15,2026-07-15
315,bed1ac6c,609.845.562-10,M,Leonardo Alves,1967-11-23,Amarela,2026-07-15,2026-07-15
316,156584a6,727.148.325-59,M,Wesley Teixeira,1982-05-02,Parda,2026-07-15,2026-07-15
317,61ad9ad0,243.741.501-17,M,Rogério Fernando Márcio Freire,1975-12-10,Branca,2026-07-15,2026-07-15
318,a19a556a,829.404.108-80,F,Cláudia Ana Beatriz Batista,1973-06-16,Amarela,2026-07-15,2026-07-15
319,42324ca9,122.891.802-57,M,Henrique Márcio Otávio Dias,2000-12-11,Preta,2026-07-15,2026-07-15
320,822c1444,382.310.212-71,M,Marcos Rodrigo Rodrigues,1998-05-14,Parda,2026-07-15,2026-07-15
321,50987e86,392.882.755-26,F,Eduarda Martins,1983-10-05,Parda,2026-07-15,2026-07-15
322,c8305100,491.400.391-90,F,Evelyn Ramos,1968-09-22,Preta,2026-07-15,2026-07-15
323,e19efa7a,389.519.167-99,U,Val Cardoso,2001-09-12,Parda,2026-07-15,2026-07-15
324,a5d658b7,204.353.260-30,U,Dani Sol Ariel Freitas,2001-03-28,Preta,2026-07-15,2026-07-15
325,37354f22,377.636.508-77,M,Elias Wesley Martins,1973-03-07,Parda,2026-07-15,2026-07-15
326,27c530c5,463.830.502-43,F,Luciana Freire,1971-02-08,Preta,2026-07-15,2026-07-15
327,bc297930,251.133.527-41,F,Débora Juliana Bianca Santos,1972-10-09,Preta,2026-07-15,2026-07-15
328,61fab6f7,459.799.899-32,U,Rene Rene Campos,1970-06-14,Parda,2026-07-15,2026-07-15
329,62bfa0d9,192.637.177-84,F,Paula Aline Farias,1979-03-02,Parda,2026-07-15,2026-07-15
330,61daa1b1,776.514.382-64,U,Jade Mika Teixeira,1979-11-01,Parda,2026-07-15,2026-07-15
331,e65a52f4,772.617.860-19,M,Eduardo Marcos Campos,1982-05-23,Preta,2026-07-15,2026-07-15
332,ddaa1bf9,356.178.731-53,M,Gilberto Wesley Cardoso,1983-05-28,Parda,2026-07-15,2026-07-15
333,0a18e760,860.385.374-68,F,Priscila Luciana Ana Araújo,1972-02-23,Preta,2026-07-15,2026-07-15
334,7bc42b05,594.571.439-51,U,Lua Isa Oliveira,1996-12-09,Amarela,2026-07-15,2026-07-15
335,d3f6ba2b,798.388.883-30,F,Juliana Moura,1978-09-07,Preta,2026-07-15,2026-07-15
336,91a6c884,463.473.108-54,F,Fernanda Maria Nascimento,1975-02-25,Preta,2026-07-15,2026-07-15
337,852032b7,226.181.231-87,F,Beatriz Beatriz Gabriela Almeida,1995-05-21,Parda,2026-07-15,2026-07-15
338,5dff7cb7,620.475.435-68,M,José Elias Lucas Sales,1971-03-10,Preta,2026-07-15,2026-07-15
339,6c4f0c4c,558.267.600-25,F,Larissa Bruna Débora Correia,2002-01-13,Parda,2026-07-15,2026-07-15
340,5299bf69,531.133.813-94,F,Helena Paula Freitas,1967-09-15,Amarela,2026-07-15,2026-07-15
341,f399f8e1,301.885.554-57,M,Samuel Jorge Borges,1997-03-30,Branca,2026-07-15,2026-07-15
342,6ee48559,302.757.830-19,M,Sérgio Batista,1967-09-13,Amarela,2026-07-15,2026-07-15
343,b79b3054,606.673.802-60,U,Sacha Joade Yves Oliveira,1999-03-06,Branca,2026-07-15,2026-07-15
344,38daf3c5,200.566.540-45,F,Luciana Elaine Cardoso,2000-08-10,Amarela,2026-07-15,2026-07-15
345,3a2ae0cf,343.838.410-51,F,Débora Lima,1992-04-19,Parda,2026-07-15,2026-07-15
346,7ad06864,281.715.201-23,M,Daniel Fernandes,1990-06-01,Parda,2026-07-15,2026-07-15
347,ba285e29,114.834.784-54,M,Renato Borges,1981-10-10,Amarela,2026-07-15,2026-07-15
348,7704f92c,708.488.104-86,F,Camila Moura,1987-08-16,Amarela,2026-07-15,2026-07-15
349,39ac8368,197.279.740-82,M,José Cláudio Correia,1960-07-10,Preta,2026-07-15,2026-07-15
350,a84540d1,894.864.125-30,M,Carlos Rogério Danilo Peixoto,1985-01-09,Amarela,2026-07-15,2026-07-15
351,52b7221f,251.682.720-91,F,Juliana Zilda Geovana Azevedo,1966-09-22,Preta,2026-07-15,2026-07-15
352,ec76034b,264.556.891-62,U,Eli Sacha Farias,1968-12-26,Preta,2026-07-15,2026-07-15
353,5a5bf759,463.394.591-25,U,Beni Cavalcanti,1988-05-09,Amarela,2026-07-15,2026-07-15
354,e75bb09b,197.832.304-29,U,Ayo Beni Beni Castro,1992-03-27,Preta,2026-07-15,2026-07-15
355,5e91ed7b,450.674.626-80,F,Tainá Débora Martins,1980-08-25,Branca,2026-07-15,2026-07-15
356,0a32f97a,773.494.447-60,F,Bianca Simone Pinto,1987-01-29,Amarela,2026-07-15,2026-07-15
357,cb8ec133,300.844.686-81,F,Jaqueline Raquel Carla Araújo,1984-02-02,Branca,2026-07-15,2026-07-15
358,1aaa9d3a,124.382.428-41,F,Priscila Sabrina Isabela Ribeiro,2002-05-25,Amarela,2026-07-15,2026-07-15
359,37166503,768.862.609-50,M,Márcio Sérgio Ramos,1987-02-28,Branca,2026-07-15,2026-07-15
360,ac93bdcc,348.356.734-66,M,Márcio Santos,1968-06-07,Parda,2026-07-15,2026-07-15
361,021c675d,164.210.603-11,M,Daniel Bruno Danilo Ribeiro,1969-06-29,Branca,2026-07-15,2026-07-15
362,57221ec9,889.412.293-84,U,Jan Beni Azevedo,1971-11-04,Amarela,2026-07-15,2026-07-15
363,cb024512,777.188.382-57,U,Andy Noa Dani Nascimento,1980-06-10,Branca,2026-07-15,2026-07-15
364,b115a948,167.298.186-66,F,Daniela Camila Machado,1969-11-03,Branca,2026-07-15,2026-07-15
365,27b89cb3,119.507.464-68,F,Jéssica Lorena Barbosa,1969-10-30,Preta,2026-07-15,2026-07-15
366,c1f9936a,827.208.507-92,F,Karen Zilda Peixoto,1999-05-20,Amarela,2026-07-15,2026-07-15
367,442d941c,258.382.662-67,U,Nani Almeida,1983-09-06,Amarela,2026-07-15,2026-07-15
368,1dfcd096,623.253.137-97,M,Bruno Elias Vieira,1981-06-09,Branca,2026-07-15,2026-07-15
369,aefc1727,811.816.749-24,M,Sérgio Vinícius Bruno Duarte,1965-01-04,Branca,2026-07-15,2026-07-15
370,86c78a9c,488.172.241-77,M,Valdir Sales,2001-03-13,Amarela,2026-07-15,2026-07-15
371,ede49010,169.866.769-19,U,Acyr Ari Ciel Souza,1963-10-23,Preta,2026-07-15,2026-07-15
372,e98ae001,441.802.183-87,F,Geovana Cristiane Cristiane Barbosa,1997-06-03,Branca,2026-07-15,2026-07-15
373,c49ff99c,593.170.734-47,F,Zilda Larissa Lorena Barbosa,1984-02-16,Preta,2026-07-15,2026-07-15
374,8111bc07,352.898.696-96,U,Sacha Azevedo,1991-08-28,Parda,2026-07-15,2026-07-15
375,487a1dd7,623.149.558-69,F,Ingrid Aline Evelyn Cavalcanti,1985-05-08,Amarela,2026-07-15,2026-07-15
376,d3724835,781.834.857-81,F,Sabrina Carla Dias,1969-12-29,Preta,2026-07-15,2026-07-15
377,39c14020,251.432.143-35,F,Renata Cláudia Oliveira,1976-12-24,Branca,2026-07-15,2026-07-15
378,92d7f939,469.800.350-58,U,Lua Cadu Rodrigues,1965-03-22,Parda,2026-07-15,2026-07-15
379,ca496ce9,487.669.218-65,M,Wesley Nogueira,1983-05-06,Preta,2026-07-15,2026-07-15
380,68f3c4e5,392.217.724-55,F,Débora Geovana Lima,1999-03-16,Branca,2026-07-15,2026-07-15
381,3f491b77,252.297.747-72,M,Fernando Vitor Vinícius Peixoto,1970-12-09,Branca,2026-07-15,2026-07-15
382,0b454108,778.816.437-15,U,Isa Ryan Coelho,1966-09-18,Branca,2026-07-15,2026-07-15
383,895b017c,756.468.872-70,U,Jan Ayo Dias,1968-06-19,Amarela,2026-07-15,2026-07-15
384,c05e9193,710.417.519-77,U,Yuri Lima,1984-09-24,Amarela,2026-07-15,2026-07-15
385,b45a5518,198.249.288-69,M,João Pedro Pereira,1974-01-08,Parda,2026-07-15,2026-07-15
386,45311142,150.523.855-19,U,Duda Dias,1982-02-24,Amarela,2026-07-15,2026-07-15
387,5c3125ab,835.488.809-83,F,Maria Monteiro,1994-03-29,Parda,2026-07-15,2026-07-15
388,c4e439b4,715.782.616-45,F,Mariana Nayara Moura,2001-11-01,Branca,2026-07-15,2026-07-15
389,c968ac92,634.156.221-81,U,Andy Andy Machado,1984-04-13,Preta,2026-07-15,2026-07-15
390,57be6156,421.884.341-44,F,Tatiane Sabrina Tatiane Ferreira,1963-07-23,Preta,2026-07-15,2026-07-15
391,dfcb9913,387.605.582-33,M,Vitor Moreira,1999-04-26,Parda,2026-07-15,2026-07-15
392,fa853203,451.337.604-22,U,Nani Fran Nani Pinto,1972-01-23,Amarela,2026-07-15,2026-07-15
393,19a61dd4,847.875.296-78,U,Rene Yves Nascimento,1968-07-09,Preta,2026-07-15,2026-07-15
394,81d23653,632.457.734-21,M,João Marcos Rogério Coelho,1988-04-12,Preta,2026-07-15,2026-07-15
395,144b8638,663.126.233-89,F,Gabriela Peixoto,1982-09-01,Branca,2026-07-15,2026-07-15
396,4bc76ae2,239.151.734-41,U,Rael Zion Farias,1971-10-29,Branca,2026-07-15,2026-07-15
397,7e1de19d,865.872.452-59,M,Leonardo Alexandre Leandro Coelho,1999-04-17,Amarela,2026-07-15,2026-07-15
398,99703673,899.298.207-49,U,Cadu Alex Barbosa,1960-11-09,Parda,2026-07-15,2026-07-15
399,e0d2a5f3,786.658.581-10,U,Cris Acyr Ferreira,1977-05-28,Amarela,2026-07-15,2026-07-15
400,cbcf13d1,666.650.219-25,M,Rogério Reis,1997-08-13,Preta,2026-07-15,2026-07-15
401,707eb8c4,669.235.520-79,M,Felipe Moura,1987-08-27,Branca,2026-07-15,2026-07-15
402,3bbee28f,597.265.744-72,M,Marcos Marcos Farias,1998-09-11,Branca,2026-07-15,2026-07-15
403,869af07c,700.667.536-25,U,Noa Peixoto,2000-01-06,Branca,2026-07-15,2026-07-15
404,7b748fb3,649.247.563-65,M,Vinícius Vitor Thiago Cardoso,1999-08-25,Amarela,2026-07-15,2026-07-15
405,5579cd59,804.356.660-14,F,Jaqueline Isabela Patrícia Araújo,2002-10-23,Branca,2026-07-15,2026-07-15
406,9d52d8ea,154.284.564-86,U,Fran Yuri Soares,1998-11-03,Preta,2026-07-15,2026-07-15
407,a426a28e,346.466.595-32,M,Pedro Coelho,1999-09-22,Amarela,2026-07-15,2026-07-15
408,346c1416,209.623.280-39,F,Daniela Rocha,1993-03-17,Amarela,2026-07-15,2026-07-15
409,d8edbef1,783.263.111-41,M,Diego Ribeiro,1973-08-24,Preta,2026-07-15,2026-07-15
410,8377537d,822.566.886-92,M,Rafael Roberto Sérgio Reis,1978-06-25,Amarela,2026-07-15,2026-07-15
411,425b1d3d,174.435.373-48,M,Fábio Valdir Matheus Ferreira,1976-03-22,Branca,2026-07-15,2026-07-15
412,6a1fc118,754.159.208-72,M,Adriano Fábio Martins,1968-10-24,Parda,2026-07-15,2026-07-15
413,1b22a402,427.821.276-33,U,Zion Jo Nogueira,2001-05-20,Branca,2026-07-15,2026-07-15
414,ae76cc5c,662.726.432-45,M,Cláudio Fernando Farias,1996-10-06,Amarela,2026-07-15,2026-07-15
415,5e4299db,829.368.375-61,U,Val Oliveira,1961-10-07,Preta,2026-07-15,2026-07-15
416,bcba3e26,141.490.626-30,U,Tay Lima,1991-05-27,Amarela,2026-07-15,2026-07-15
417,52b3375c,268.839.320-66,F,Nayara Aline Sales,1986-07-05,Preta,2026-07-15,2026-07-15
418,52368d16,320.353.898-77,M,Lucas Alexandre Soares,1998-11-14,Parda,2026-07-15,2026-07-15
419,8ab9f2bc,573.837.611-75,F,Gabriela Elaine Freire,1979-02-05,Amarela,2026-07-15,2026-07-15
420,53648c48,569.822.387-85,M,Sérgio Jorge Barbosa,1960-05-17,Branca,2026-07-15,2026-07-15
421,851a68ad,879.610.565-98,M,Fábio Gilberto Caio Sales,1970-12-27,Amarela,2026-07-15,2026-07-15
422,68e2651b,119.549.602-53,U,Sam Ribeiro,1962-09-09,Parda,2026-07-15,2026-07-15
423,4049e911,749.246.375-63,F,Ana Gabriela Raquel Araújo,1982-07-18,Branca,2026-07-15,2026-07-15
424,931dc457,399.750.897-87,F,Flávia Patrícia Michele Teixeira,1987-07-25,Preta,2026-07-15,2026-07-15
425,20f9eb9c,762.245.498-36,U,Sam Ayo Val Dias,1967-11-29,Branca,2026-07-15,2026-07-15
426,4488f7f9,425.817.269-29,F,Isabela Isabela Larissa Santos,1968-03-30,Amarela,2026-07-15,2026-07-15
427,e1e17a72,766.470.714-87,U,Ariel Vieira,1978-02-22,Preta,2026-07-15,2026-07-15
428,f1fe5dda,523.263.388-12,U,Yves Kim Reis,1975-06-13,Parda,2026-07-15,2026-07-15
429,f5382c0b,880.130.569-23,M,Henrique Gilberto Wesley Peixoto,1970-10-29,Parda,2026-07-15,2026-07-15
430,8744a5b5,351.293.593-91,M,Cristiano Lopes,1978-08-14,Amarela,2026-07-15,2026-07-15
431,de084e17,872.616.216-73,U,Ryan Noa Lori Rocha,2002-02-13,Preta,2026-07-15,2026-07-15
432,c6934f84,394.353.892-56,F,Bruna Gomes,1991-08-30,Preta,2026-07-15,2026-07-15
433,6d112a2e,658.270.678-22,M,Gilberto Rafael Ferreira,1989-03-04,Parda,2026-07-15,2026-07-15
434,4739f6d9,646.284.656-14,M,Rafael Oliveira,1965-08-08,Preta,2026-07-15,2026-07-15
435,f2fc7978,410.513.385-56,U,Dani Ariel Jo Cardoso,1960-05-25,Amarela,2026-07-15,2026-07-15
436,843a6434,798.797.268-27,M,Ricardo Moreira,1981-05-10,Amarela,2026-07-15,2026-07-15
437,6b3185b0,659.868.222-84,F,Jéssica Letícia Lopes,1986-01-09,Amarela,2026-07-15,2026-07-15
438,3f26afe9,645.633.450-82,M,Márcio Caio Santos,1970-12-03,Amarela,2026-07-15,2026-07-15
439,3a892016,518.841.875-32,M,Fábio Rocha,1983-08-07,Amarela,2026-07-15,2026-07-15
440,e5de85ed,309.152.421-77,F,Mariana Jaqueline Luciana Oliveira,1960-02-04,Branca,2026-07-15,2026-07-15
441,d2c89978,236.546.486-32,U,Dani Andy Beni Cavalcanti,1992-05-29,Preta,2026-07-15,2026-07-15
442,7f1bca00,895.784.539-35,F,Amanda Ana Farias,1962-12-26,Branca,2026-07-15,2026-07-15
443,28741ecd,196.433.632-61,U,Dani Jan Batista,1970-10-18,Preta,2026-07-15,2026-07-15
444,e1ef9e27,754.264.888-28,U,Isa Ariel Nani Almeida,1998-07-09,Parda,2026-07-15,2026-07-15
445,9ac47356,826.562.897-83,M,Alexandre Roberto Elias Martins,1964-06-27,Parda,2026-07-15,2026-07-15
446,2df8b6f4,489.542.545-77,F,Patrícia Dias,1996-05-20,Amarela,2026-07-15,2026-07-15
447,81e8c0b2,397.293.362-29,U,Acyr Sam Coelho,2002-08-11,Parda,2026-07-15,2026-07-15
448,f1b7fa05,879.733.124-98,M,Elias Márcio Peixoto,1960-06-09,Branca,2026-07-15,2026-07-15
449,b5297bc8,652.412.644-58,M,Lucas Ricardo Barbosa,1985-07-21,Preta,2026-07-15,2026-07-15
450,9efecf41,514.553.261-48,M,César Lopes,1990-06-22,Preta,2026-07-15,2026-07-15
451,5424e422,646.823.221-86,F,Maria Freire,1994-12-30,Preta,2026-07-15,2026-07-15
452,1660b00e,381.191.645-25,U,Noa Leite,1963-08-01,Branca,2026-07-15,2026-07-15
453,49fdea5f,290.752.513-40,U,Tony Luan Luan Rocha,1975-08-19,Amarela,2026-07-15,2026-07-15
454,c578c38f,301.726.154-87,F,Carla Zilda Zilda Farias,1977-12-10,Branca,2026-07-15,2026-07-15
455,0c8d5faf,112.235.767-47,F,Flávia Carla Larissa Farias,1972-04-23,Branca,2026-07-15,2026-07-15
456,41de2524,546.696.363-15,F,Eduarda Aline Barbosa,1980-08-10,Amarela,2026-07-15,2026-07-15
457,1b30b584,653.348.786-70,M,Sérgio José Ribeiro,1972-06-05,Parda,2026-07-15,2026-07-15
458,6f28469e,263.555.846-91,F,Daniela Cristiane Carvalho,1983-04-10,Preta,2026-07-15,2026-07-15
459,8219a70f,789.358.540-12,F,Geovana Ramos,2002-04-23,Preta,2026-07-15,2026-07-15
460,bd47b713,661.176.866-76,U,Ariel Zion Dani Vieira,1998-09-03,Amarela,2026-07-15,2026-07-15
461,f6ab1ed5,178.880.661-90,U,Eli Gael Carvalho,1978-08-19,Branca,2026-07-15,2026-07-15
462,4363b8d6,737.615.121-38,F,Isabela Farias,1976-06-02,Parda,2026-07-15,2026-07-15
463,7579460a,545.792.288-91,M,Eduardo Paulo Matheus Vieira,2002-12-02,Branca,2026-07-15,2026-07-15
464,88707809,101.696.707-56,U,Ciel Noa Lua Ferreira,1986-07-13,Amarela,2026-07-15,2026-07-15
465,5ae61d1c,566.696.568-60,U,Yves Sol Sacha Coelho,1997-02-03,Preta,2026-07-15,2026-07-15
466,1b45906c,621.224.573-36,U,Sam Coelho,1990-03-27,Amarela,2026-07-15,2026-07-15
467,5dda7be3,886.822.846-22,M,Rodrigo Soares,1984-01-27,Parda,2026-07-15,2026-07-15
468,f12d0983,329.835.708-67,F,Jaqueline Elaine Vieira,1996-03-09,Parda,2026-07-15,2026-07-15
469,1a601f48,500.426.174-94,F,Flávia Vanessa Geovana Ribeiro,1993-05-22,Branca,2026-07-15,2026-07-15
470,b51ae2f1,500.857.116-29,U,Noa Joade Pinto,1961-01-30,Amarela,2026-07-15,2026-07-15
471,78871fd4,712.841.192-71,F,Cristiane Gabriela Borges,1966-12-10,Parda,2026-07-15,2026-07-15
472,f6e5fc4d,344.899.549-12,M,Márcio Martins,1963-10-26,Parda,2026-07-15,2026-07-15
473,1a1734da,167.204.112-10,F,Elaine Pinto,1998-09-07,Amarela,2026-07-15,2026-07-15
474,6780333b,608.710.455-73,U,Jan Ari Ariel Cavalcanti,1997-09-22,Branca,2026-07-15,2026-07-15
475,1242762d,835.643.476-67,F,Michele Paula Michele Ferreira,1974-11-14,Parda,2026-07-15,2026-07-15
476,6e76c557,860.875.235-39,U,Kai Nani Sol Castro,1999-10-06,Parda,2026-07-15,2026-07-15
477,f971e386,399.217.871-36,M,Leonardo Paulo Nogueira,1979-08-17,Amarela,2026-07-15,2026-07-15
478,baa42b46,806.883.358-97,M,Cláudio Felipe Fábio Moura,1973-10-27,Amarela,2026-07-15,2026-07-15
479,42da9878,473.584.714-65,F,Vanessa Borges,1990-01-03,Parda,2026-07-15,2026-07-15
480,4e431688,447.571.745-24,U,Jan Luan Isa Leite,1969-04-15,Parda,2026-07-15,2026-07-15
481,dac27e45,851.231.395-69,F,Débora Tatiane Aline Coelho,1964-05-19,Parda,2026-07-15,2026-07-15
482,d9c08140,592.142.850-94,M,Leandro Leonardo Vinícius Pinto,1973-09-06,Branca,2026-07-15,2026-07-15
483,112f9cab,796.292.171-46,F,Simone Amanda Yasmin Cavalcanti,1966-07-29,Preta,2026-07-15,2026-07-15
484,c6f703fc,862.154.668-51,M,Jorge José Henrique Machado,1999-11-24,Parda,2026-07-15,2026-07-15
485,c84a0390,870.357.853-34,M,Henrique Sales,1980-05-28,Parda,2026-07-15,2026-07-15
486,2c760828,390.523.898-42,U,Lori Mari Freitas,1965-06-03,Preta,2026-07-15,2026-07-15
487,3ea9a967,797.714.696-23,F,Jéssica Sales,1968-11-25,Parda,2026-07-15,2026-07-15
488,2b2175cd,215.429.302-21,M,Paulo Leandro Costa,1995-05-12,Branca,2026-07-15,2026-07-15
489,71b71dd4,672.288.744-62,F,Zilda Nayara Lopes,1977-08-03,Preta,2026-07-15,2026-07-15
490,c50cc14e,602.323.490-57,M,André Samuel Vieira,1965-04-09,Parda,2026-07-15,2026-07-15
491,088cc040,715.655.819-31,M,Bruno Gustavo Ferreira,1965-07-20,Parda,2026-07-15,2026-07-15
492,b755ebae,654.273.880-33,U,Eli Jaci Teixeira,1964-09-25,Preta,2026-07-15,2026-07-15
493,60ce4ade,285.738.735-16,F,Daniela Paula Barbosa,1992-09-06,Parda,2026-07-15,2026-07-15
494,1fb0d371,134.418.882-47,M,Márcio Adriano André Freire,1966-03-04,Branca,2026-07-15,2026-07-15
495,0cfefde4,509.258.783-99,U,Ayo Joade Yves Freitas,1985-12-28,Amarela,2026-07-15,2026-07-15
496,dd5c28c3,223.822.851-28,F,Paula Souza,1976-03-21,Preta,2026-07-15,2026-07-15
497,c1075482,223.468.316-63,U,Andy Duda Correia,1975-09-04,Branca,2026-07-15,2026-07-15
498,06cf893e,416.573.562-10,U,Mari Gabi Fran Nogueira,1976-02-11,Preta,2026-07-15,2026-07-15
499,4ce20b01,584.408.542-92,M,Vinícius Sérgio Almeida,1998-01-18,Parda,2026-07-15,2026-07-15
500,14d9560f,669.360.127-90,U,Dani Noa Sam Azevedo,1971-12-23,Parda,2026-07-15,2026-07-15
501,eb8bdf6b,365.138.379-71,U,Sam Beni Leite,1984-07-21,Branca,2026-07-15,2026-07-15
502,73f52440,407.472.759-87,M,Leonardo Ferreira,1980-08-26,Branca,2026-07-15,2026-07-15
503,05dbb5e9,766.869.492-66,U,Jo Freitas,1996-09-10,Preta,2026-07-15,2026-07-15
504,e03caed0,130.479.571-85,U,Val Noa Ferreira,1975-09-29,Parda,2026-07-15,2026-07-15
505,e5d0ffbb,584.113.844-22,F,Jéssica Dias,1968-03-21,Preta,2026-07-15,2026-07-15
506,6a0cd270,379.652.195-28,F,Simone Mariana Almeida,2002-02-01,Parda,2026-07-15,2026-07-15
507,9ac0435f,183.679.493-40,F,Gabriela Nogueira,1963-10-13,Preta,2026-07-15,2026-07-15
508,dfcfee6c,407.234.422-36,M,Bruno Diego Rodrigo Nascimento,1986-10-13,Amarela,2026-07-15,2026-07-15
509,939c89c1,574.807.163-18,M,Pedro Marcelo Otávio Coelho,1972-07-02,Parda,2026-07-15,2026-07-15
510,9349d295,438.416.770-85,F,Beatriz Freitas,1976-04-06,Branca,2026-07-15,2026-07-15
511,58c65e54,344.119.747-41,F,Fernanda Ferreira,1977-11-23,Amarela,2026-07-15,2026-07-15
512,5810b481,867.721.222-23,U,Ciel Yves Nani Borges,1982-09-09,Amarela,2026-07-15,2026-07-15
513,ebc91fee,333.178.152-36,M,Cristiano Adriano Alessandro Correia,1994-02-06,Branca,2026-07-15,2026-07-15
514,f22bf066,407.327.472-83,M,Gabriel Gustavo Lima,1983-12-29,Preta,2026-07-15,2026-07-15
515,dfe6e1ff,132.298.553-56,F,Beatriz Luciana Ana Carvalho,1975-05-19,Amarela,2026-07-15,2026-07-15
516,c3a6c571,744.810.789-55,M,Caio Correia,1985-04-28,Branca,2026-07-15,2026-07-15
517,9e7dae2e,554.831.809-42,F,Beatriz Gomes,1976-04-12,Parda,2026-07-15,2026-07-15
518,195b4c1c,121.467.110-86,M,Vinícius Matheus Cristiano Gomes,1987-12-12,Parda,2026-07-15,2026-07-15
519,6fcbadb9,836.787.667-91,F,Helena Cristiane Carla Barbosa,1997-08-10,Parda,2026-07-15,2026-07-15
520,30218442,311.900.823-70,M,André Fernando Rogério Pinto,1966-12-12,Parda,2026-07-15,2026-07-15
521,6958bb49,350.725.805-75,F,Letícia Michele Azevedo,1965-06-26,Amarela,2026-07-15,2026-07-15
522,25b7eced,520.807.551-74,U,Jaci Nani Ferreira,1969-04-01,Amarela,2026-07-15,2026-07-15
523,3cc541a7,401.518.706-49,F,Yasmin Evelyn Michele Duarte,1971-07-06,Parda,2026-07-15,2026-07-15
524,3de8a974,408.733.472-23,F,Eduarda Aline Maria Lopes,1996-10-10,Parda,2026-07-15,2026-07-15
525,b68bef7e,372.299.844-15,M,Danilo Carlos Castro,1968-10-16,Branca,2026-07-15,2026-07-15
526,132dfa0d,341.465.653-85,U,Alex Gael Jade Almeida,1984-04-07,Preta,2026-07-15,2026-07-15
527,482ffe65,574.313.210-57,U,Jade Moura,1998-09-26,Branca,2026-07-15,2026-07-15
528,c4cdb41c,246.422.834-78,U,Tony Isa Borges,1968-03-01,Preta,2026-07-15,2026-07-15
529,e7a8b119,571.392.556-26,M,Gilberto Vinícius Cardoso,1998-07-08,Parda,2026-07-15,2026-07-15
530,c7c6e4a0,526.174.617-83,M,Sérgio Gomes,1963-09-26,Branca,2026-07-15,2026-07-15
531,5f2ab070,173.631.658-20,U,Kai Val Sacha Ribeiro,1996-01-23,Amarela,2026-07-15,2026-07-15
532,4799194e,195.654.231-53,M,Mário Felipe Batista,1962-05-26,Branca,2026-07-15,2026-07-15
533,7f511dca,631.826.203-89,U,Ariel Yves Ariel Freitas,1992-10-27,Preta,2026-07-15,2026-07-15
534,a5096a6d,684.266.900-85,M,Diego José Santos,1974-10-07,Branca,2026-07-15,2026-07-15
535,4ba49536,751.361.282-95,M,Lucas Alexandre Felipe Alves,1989-12-14,Amarela,2026-07-15,2026-07-15
536,878a80f0,150.106.836-90,M,Fábio Gomes,1986-01-07,Amarela,2026-07-15,2026-07-15
537,f0924da4,380.594.395-33,F,Cláudia Natália Eduarda Silva,1976-01-08,Preta,2026-07-15,2026-07-15
538,69b06aa6,840.299.628-49,F,Cláudia Ramos,1989-02-21,Branca,2026-07-15,2026-07-15
539,d4b35f23,433.690.661-82,U,Duda Isa Lima,1961-05-02,Amarela,2026-07-15,2026-07-15
540,4aefa894,838.824.194-42,F,Patrícia Luciana Cardoso,1976-08-24,Branca,2026-07-15,2026-07-15
541,32748790,315.797.402-52,M,Pedro Adriano Cláudio Nascimento,1975-06-04,Preta,2026-07-15,2026-07-15
542,bff4c51e,195.740.499-38,U,Dani Ayo Gomes,1987-05-10,Preta,2026-07-15,2026-07-15
543,ff5807ae,538.521.456-48,M,Gabriel Roberto Nogueira,1963-09-21,Preta,2026-07-15,2026-07-15
544,572c7ce6,772.829.178-98,M,Felipe Leonardo Rocha,1969-06-09,Preta,2026-07-15,2026-07-15
545,62b682fd,245.607.725-97,M,Felipe Farias,1969-01-05,Amarela,2026-07-15,2026-07-15
546,8ad52b25,464.298.888-99,F,Paula Karen Evelyn Rodrigues,1976-07-15,Branca,2026-07-15,2026-07-15
547,6b6d0941,845.886.722-15,M,Marcelo Leandro Santos,1968-07-09,Branca,2026-07-15,2026-07-15
548,45592551,485.895.688-76,U,Joade Oliveira,1971-10-21,Amarela,2026-07-15,2026-07-15
549,90a38017,524.113.857-90,U,Luan Eli Dani Lima,1977-03-27,Amarela,2026-07-15,2026-07-15
550,f27bb490,774.287.335-51,U,Ari Eden Sacha Rodrigues,1990-03-30,Amarela,2026-07-15,2026-07-15
551,12d5fe73,367.307.581-72,M,Wesley Fábio Matheus Peixoto,1971-03-09,Parda,2026-07-15,2026-07-15
552,5905a3e7,610.131.419-57,F,Bianca Ribeiro,1981-10-12,Branca,2026-07-15,2026-07-15
553,ec486749,787.387.751-65,F,Ingrid Ana Correia,1972-06-05,Branca,2026-07-15,2026-07-15
554,d7813f5a,350.155.159-14,M,Gabriel Daniel Valdir Alves,1994-04-08,Parda,2026-07-15,2026-07-15
555,fe86a413,838.722.182-17,U,Mari Sol Machado,1962-04-30,Parda,2026-07-15,2026-07-15
556,1648a8fc,189.658.552-27,U,Isa Joade Lori Machado,1992-06-01,Amarela,2026-07-15,2026-07-15
557,8ab2fd2c,405.780.591-64,U,Yuri Almeida,1972-06-01,Parda,2026-07-15,2026-07-15
558,f125427c,344.365.137-98,F,Juliana Carla Dias,2001-01-01,Amarela,2026-07-15,2026-07-15
559,cc786158,749.625.312-78,M,Rafael Ribeiro,2002-07-23,Parda,2026-07-15,2026-07-15
560,8179eaba,168.667.360-10,F,Carla Camila Aline Nogueira,1994-08-19,Amarela,2026-07-15,2026-07-15
561,10306556,686.861.215-34,M,Samuel Alessandro Reis,1972-06-25,Branca,2026-07-15,2026-07-15
562,c4993de9,727.448.507-62,M,Daniel Renato Jorge Souza,1985-08-29,Branca,2026-07-15,2026-07-15
563,3e66160b,752.236.734-40,M,Cláudio Araújo,1960-02-14,Amarela,2026-07-15,2026-07-15
564,491ffd23,839.255.513-52,M,Roberto Felipe Teixeira,1999-09-01,Branca,2026-07-15,2026-07-15
565,3832abbc,749.323.693-41,U,Mari Gael Zion Monteiro,1990-12-20,Branca,2026-07-15,2026-07-15
566,14a4c03c,883.419.751-51,F,Simone Cláudia Cláudia Farias,1990-09-22,Preta,2026-07-15,2026-07-15
567,3a0f258a,605.438.803-75,F,Tainá Araújo,1995-09-01,Branca,2026-07-15,2026-07-15
568,f18b66c1,398.282.549-35,M,Alessandro Gustavo Valdir Moura,1979-05-23,Amarela,2026-07-15,2026-07-15
569,58954ba4,586.347.195-47,F,Simone Débora Ingrid Dias,1977-10-10,Amarela,2026-07-15,2026-07-15
570,f2d77839,163.416.108-67,F,Renata Martins,1985-06-06,Preta,2026-07-15,2026-07-15
571,13d27947,564.133.353-12,M,Marcelo Roberto Teixeira,1981-07-09,Amarela,2026-07-15,2026-07-15
572,89a55679,388.243.754-81,M,Gustavo Samuel Nascimento,1973-08-08,Branca,2026-07-15,2026-07-15
573,e9238f3f,315.529.140-42,U,Dani Jo Machado,1993-07-23,Amarela,2026-07-15,2026-07-15
574,4de21431,185.839.282-71,U,Acyr Cris Soares,1994-01-03,Branca,2026-07-15,2026-07-15
575,6ba88893,175.635.189-50,U,Rael Rodrigues,1968-10-18,Amarela,2026-07-15,2026-07-15
576,f0758699,223.362.886-23,M,Matheus Igor Cavalcanti,1964-07-01,Amarela,2026-07-15,2026-07-15
577,eedeec62,894.275.186-20,F,Renata Farias,1992-07-13,Parda,2026-07-15,2026-07-15
578,e1ca23f1,593.589.405-55,F,Cláudia Zilda Gabriela Souza,1970-04-24,Preta,2026-07-15,2026-07-15
579,ee98f97e,223.213.215-10,U,Cris Eli Isa Costa,1988-03-13,Preta,2026-07-15,2026-07-15
580,78c3b341,647.332.117-37,F,Natália Duarte,1973-10-18,Preta,2026-07-15,2026-07-15
581,d92199d8,826.340.620-44,F,Sabrina Monteiro,1971-05-12,Parda,2026-07-15,2026-07-15
582,99fed753,683.224.520-29,F,Amanda Fabiana Flávia Pereira,1973-11-29,Amarela,2026-07-15,2026-07-15
583,950acd57,689.762.582-76,U,Jade Jaci Alves,1972-01-23,Preta,2026-07-15,2026-07-15
584,30b204e3,124.201.355-22,M,André Felipe Farias,1971-12-22,Preta,2026-07-15,2026-07-15
585,90c0b58b,372.206.700-55,M,Rogério Danilo Cláudio Dias,1983-09-28,Amarela,2026-07-15,2026-07-15
586,e75eb15d,392.632.425-78,F,Karen Larissa Jéssica Rocha,1992-06-21,Parda,2026-07-15,2026-07-15
587,dfab9bd0,201.787.216-35,F,Evelyn Fernanda Lorena Pinto,1962-01-22,Preta,2026-07-15,2026-07-15
588,2c42c662,212.616.848-77,U,Zion Zion Biel Coelho,1974-11-12,Parda,2026-07-15,2026-07-15
589,72bc630e,777.805.288-93,M,Elias Coelho,1976-05-07,Branca,2026-07-15,2026-07-15
590,208d7207,650.626.322-75,M,André Igor César Moreira,1981-02-18,Amarela,2026-07-15,2026-07-15
591,1b14dcc9,878.586.596-94,M,Paulo Souza,1985-03-07,Parda,2026-07-15,2026-07-15
592,0968f5a7,751.697.823-77,M,Elias Rocha,1960-08-11,Preta,2026-07-15,2026-07-15
593,d2d2a89e,311.352.303-31,M,Alessandro Santos,1985-10-05,Branca,2026-07-15,2026-07-15
594,9794dc0f,574.585.387-33,U,Dani Luan Peixoto,1965-08-19,Amarela,2026-07-15,2026-07-15
595,a3a1d8ae,698.871.873-75,M,Roberto Dias,1976-02-08,Amarela,2026-07-15,2026-07-15
596,a93aa731,339.603.850-26,F,Patrícia Débora Pinto,2002-06-16,Branca,2026-07-15,2026-07-15
597,719fa89e,783.170.896-30,F,Fabiana Fernandes,1983-03-08,Amarela,2026-07-15,2026-07-15
598,e331dad7,679.483.707-13,F,Gabriela Ramos,1982-04-17,Amarela,2026-07-15,2026-07-15
599,548dc0b3,364.292.128-91,U,Duda Cadu Duda Dias,1981-05-17,Branca,2026-07-15,2026-07-15
600,65631faf,467.503.602-22,F,Amanda Karen Aline Moura,1981-09-27,Amarela,2026-07-15,2026-07-15
601,315f550b,304.474.861-99,M,Pedro Teixeira,1999-04-22,Parda,2026-07-15,2026-07-15
602,bdb259e2,846.477.579-30,U,Jo Rael Jaci Carvalho,1967-07-18,Preta,2026-07-15,2026-07-15
603,f6c871d0,809.121.660-41,U,Isa Jan Nogueira,1968-05-20,Branca,2026-07-15,2026-07-15
604,86613e2d,646.587.715-17,F,Vanessa Santos,1972-03-03,Parda,2026-07-15,2026-07-15
605,b1598691,428.806.709-16,U,Ariel Eli Farias,1990-10-25,Amarela,2026-07-15,2026-07-15
606,b4ca029a,413.484.169-89,M,Cláudio Borges,1960-04-12,Parda,2026-07-15,2026-07-15
607,9dd48364,561.618.130-31,F,Juliana Bruna Sílvia Correia,1965-05-15,Preta,2026-07-15,2026-07-15
608,afea6b9b,513.151.619-10,M,Igor Moura,1962-05-29,Parda,2026-07-15,2026-07-15
609,6b71e7b7,843.267.844-86,F,Débora Cláudia Lopes,1969-06-30,Branca,2026-07-15,2026-07-15
610,efc887b8,814.715.481-27,M,Ricardo Sérgio Sales,1994-11-19,Amarela,2026-07-15,2026-07-15
611,5c65885a,134.182.527-98,U,Tony Batista,1978-07-27,Preta,2026-07-15,2026-07-15
612,07766d1f,717.667.288-83,F,Jaqueline Farias,1999-02-04,Preta,2026-07-15,2026-07-15
613,cd901af9,287.794.661-11,U,Ariel Souza,1977-03-06,Parda,2026-07-15,2026-07-15
614,7fbec0e1,273.669.747-17,U,Ayo Mari Cardoso,1988-03-20,Branca,2026-07-15,2026-07-15
615,7a8a5a81,571.580.184-98,F,Evelyn Vanessa Beatriz Moreira,2002-11-25,Branca,2026-07-15,2026-07-15
616,a0d8ebba,786.866.402-53,F,Luciana Beatriz Bianca Ribeiro,1996-06-21,Preta,2026-07-15,2026-07-15
617,b103c280,617.651.816-49,F,Bianca Priscila Helena Oliveira,1979-11-16,Amarela,2026-07-15,2026-07-15
618,6ea172b9,488.179.148-25,M,João Henrique Machado,1988-10-08,Amarela,2026-07-15,2026-07-15
619,4943c5d9,643.261.262-47,F,Nayara Monteiro,1994-07-05,Amarela,2026-07-15,2026-07-15
620,3a9e7334,573.826.872-53,M,Danilo Alessandro Araújo,1976-11-08,Preta,2026-07-15,2026-07-15
621,2e179883,233.829.167-20,F,Geovana Ingrid Raquel Sales,1967-08-10,Parda,2026-07-15,2026-07-15
622,b0876fd2,248.686.589-81,M,Valdir Felipe Wesley Martins,2000-03-26,Preta,2026-07-15,2026-07-15
623,531113e4,503.367.819-86,U,Zion Ari Tony Duarte,1973-08-29,Branca,2026-07-15,2026-07-15
624,2df31d11,812.528.643-54,M,Fernando Moura,1992-06-12,Parda,2026-07-15,2026-07-15
625,4babbce6,230.360.434-52,F,Sabrina Monteiro,1993-12-20,Amarela,2026-07-15,2026-07-15
626,03f0acfa,278.670.272-75,M,Gustavo Matheus Lima,1982-09-10,Amarela,2026-07-15,2026-07-15
627,dd88df46,339.576.791-91,U,Lee Noa Costa,1970-01-29,Amarela,2026-07-15,2026-07-15
628,247dccf1,499.536.695-64,U,Lua Alex Teixeira,1971-08-15,Branca,2026-07-15,2026-07-15
629,208d275a,182.850.149-40,F,Michele Reis,1983-02-05,Parda,2026-07-15,2026-07-15
630,44128b3c,715.309.593-79,M,Fernando Alessandro Barbosa,1989-07-24,Amarela,2026-07-15,2026-07-15
631,1dc2bf91,209.486.823-29,U,Jade Farias,1971-03-18,Preta,2026-07-15,2026-07-15
632,d82b6afc,229.624.766-35,U,Sacha Monteiro,1988-08-19,Parda,2026-07-15,2026-07-15
633,9fcac692,185.440.499-48,M,Samuel Leandro Martins,1987-03-24,Parda,2026-07-15,2026-07-15
634,c4e558ad,193.303.723-29,F,Bianca Azevedo,1981-03-03,Amarela,2026-07-15,2026-07-15
635,aaf4bd4f,665.354.281-17,U,Ciel Noel Moreira,1993-01-18,Parda,2026-07-15,2026-07-15
636,94116c8a,645.157.291-87,M,Rafael Thiago Fernando Souza,1985-12-25,Amarela,2026-07-15,2026-07-15
637,4eed003b,726.487.546-24,F,Sabrina Natália Aline Leite,1996-03-16,Amarela,2026-07-15,2026-07-15
638,234b709c,392.421.551-74,M,Vitor Teixeira,1994-09-15,Preta,2026-07-15,2026-07-15
639,082d21de,273.572.278-76,M,Leonardo Leandro Duarte,1982-06-17,Parda,2026-07-15,2026-07-15
640,a8b565a9,401.527.656-88,M,Danilo Alexandre Cristiano Machado,1974-02-11,Amarela,2026-07-15,2026-07-15
641,b730e9e6,374.645.297-25,M,Vitor Soares,1985-08-30,Branca,2026-07-15,2026-07-15
642,7643c1ee,632.275.414-89,U,Dani Acyr Freitas,1983-12-19,Parda,2026-07-15,2026-07-15
643,e9c5af95,264.103.535-96,M,Vinícius Adriano Rafael Alves,1975-03-28,Preta,2026-07-15,2026-07-15
644,74258308,577.364.425-15,F,Vanessa Lorena Martins,2002-09-02,Preta,2026-07-15,2026-07-15
645,a007d12e,893.267.791-98,F,Olívia Priscila Peixoto,1986-01-13,Branca,2026-07-15,2026-07-15
646,4db20d32,617.356.409-22,M,Leandro João Reis,1988-11-22,Amarela,2026-07-15,2026-07-15
647,8ae97cb2,676.817.268-15,U,Ariel Alex Nani Santos,1970-09-20,Branca,2026-07-15,2026-07-15
648,b27b6731,191.169.771-36,F,Bianca Silva,1978-09-20,Amarela,2026-07-15,2026-07-15
649,6c153b09,894.454.361-79,U,Kim Rael Carvalho,1989-03-16,Amarela,2026-07-15,2026-07-15
650,66ffb6e0,245.768.539-81,U,Gabi Peixoto,1990-08-03,Parda,2026-07-15,2026-07-15
651,d8b06558,770.465.791-33,U,Yuri Lua Soares,1999-08-22,Preta,2026-07-15,2026-07-15
652,977769f4,213.352.585-39,M,Márcio Márcio Wesley Mendes,1996-10-08,Branca,2026-07-15,2026-07-15
653,c475f6fc,714.735.625-68,U,Lori Zion Peixoto,1988-11-08,Parda,2026-07-15,2026-07-15
654,63baf574,467.816.526-15,U,Ari Farias,1977-07-02,Amarela,2026-07-15,2026-07-15
655,7bdae834,470.675.854-25,M,Lucas Freitas,1973-04-19,Amarela,2026-07-15,2026-07-15
656,4dab269d,728.771.721-31,U,Alex Isa Noa Monteiro,1965-10-03,Parda,2026-07-15,2026-07-15
657,11c1efd8,304.328.149-50,U,Cadu Fran Ferreira,1971-11-08,Amarela,2026-07-15,2026-07-15
658,2ba05257,196.674.612-19,M,Lucas Pedro Lucas Santos,1961-07-18,Parda,2026-07-15,2026-07-15
659,87830e43,389.837.438-19,U,Sol Batista,1984-08-14,Parda,2026-07-15,2026-07-15
660,72b21457,575.718.382-79,F,Amanda Fernandes,1978-11-20,Branca,2026-07-15,2026-07-15
661,10f10b2b,647.714.743-54,M,Wesley Thiago Borges,1972-03-17,Parda,2026-07-15,2026-07-15
662,83aaf002,732.785.795-58,M,Leonardo Marcos Carvalho,2001-02-15,Preta,2026-07-15,2026-07-15
663,74c20535,850.707.228-61,F,Isabela Karen Farias,1969-04-06,Parda,2026-07-15,2026-07-15
664,e3ec02d4,853.886.588-43,U,Ryan Joade Mika Vieira,1999-11-30,Preta,2026-07-15,2026-07-15
665,5482a297,686.126.354-65,M,Cristiano Reis,1978-09-10,Amarela,2026-07-15,2026-07-15
666,3c63e5d3,706.394.258-61,U,Cadu Eli Farias,1971-04-11,Parda,2026-07-15,2026-07-15
667,b244f9d6,219.635.405-43,M,Fábio Martins,1963-03-24,Preta,2026-07-15,2026-07-15
668,d1cd1e4d,882.285.788-83,M,Eduardo Ferreira,1962-06-07,Parda,2026-07-15,2026-07-15
669,3184736b,296.593.824-79,M,Samuel Moreira,1979-08-16,Amarela,2026-07-15,2026-07-15
670,163d0b32,490.694.590-98,F,Daniela Zilda Beatriz Duarte,1966-09-22,Amarela,2026-07-15,2026-07-15
671,37b55277,350.414.317-65,U,Tay Azevedo,1965-09-29,Amarela,2026-07-15,2026-07-15
672,6f406a20,298.155.408-27,M,Diego Matheus Rodrigues,2000-03-15,Parda,2026-07-15,2026-07-15
673,944084a9,782.761.292-66,F,Renata Batista,1995-05-04,Parda,2026-07-15,2026-07-15
674,1e6e7fcd,493.201.739-81,M,Fábio Freitas,1978-07-16,Preta,2026-07-15,2026-07-15
675,a30580a1,554.801.130-27,M,Jorge Gustavo Reis,1997-09-08,Parda,2026-07-15,2026-07-15
676,2b2433c0,896.897.280-44,M,Mário Márcio Barbosa,1976-02-22,Branca,2026-07-15,2026-07-15
677,367ca016,159.826.873-74,U,Luan Soares,1965-05-28,Preta,2026-07-15,2026-07-15
678,84b47f93,347.340.460-75,U,Dani Lori Cadu Ribeiro,1961-05-22,Parda,2026-07-15,2026-07-15
679,d51be529,762.103.408-14,U,Ciel Borges,1985-10-29,Preta,2026-07-15,2026-07-15
680,6341c0f2,479.601.875-50,M,Henrique Valdir Daniel Machado,1963-07-20,Parda,2026-07-15,2026-07-15
681,ae0deda5,157.460.649-47,M,Sérgio André Farias,2001-03-11,Branca,2026-07-15,2026-07-15
682,4907af8c,660.590.147-31,F,Fernanda Martins,1960-09-09,Amarela,2026-07-15,2026-07-15
683,69956359,349.526.252-60,M,Thiago Gustavo Cardoso,1977-03-29,Amarela,2026-07-15,2026-07-15
684,6f2a321a,476.638.723-13,F,Geovana Daniela Elaine Araújo,1992-10-16,Amarela,2026-07-15,2026-07-15
685,25faaa82,787.261.448-52,M,Adriano Diego Rodrigo Ferreira,1983-08-29,Amarela,2026-07-15,2026-07-15
686,7e22a2b5,114.385.499-49,F,Aline Débora Mendes,1965-11-08,Amarela,2026-07-15,2026-07-15
687,ce1b52ae,417.761.799-69,F,Paula Pinto,2001-01-11,Preta,2026-07-15,2026-07-15
688,7f62de91,294.528.635-33,F,Sílvia Karen Maria Pereira,1965-10-28,Amarela,2026-07-15,2026-07-15
689,2d45adaf,470.191.872-51,U,Jade Rocha,1979-11-11,Amarela,2026-07-15,2026-07-15
690,5f1fcf86,232.513.772-35,F,Helena Fernanda Carla Soares,1994-04-03,Parda,2026-07-15,2026-07-15
691,95ec6e5b,467.374.808-12,U,Beni Sam Gabi Cavalcanti,1997-04-08,Amarela,2026-07-15,2026-07-15
692,641c61ac,315.788.258-24,F,Raquel Tatiane Borges,1992-11-07,Amarela,2026-07-15,2026-07-15
693,e86e0d2e,272.493.590-69,F,Jaqueline Cláudia Olívia Santos,1989-02-23,Parda,2026-07-15,2026-07-15
694,ac535caa,585.698.264-54,F,Flávia Aline Teixeira,1967-03-08,Preta,2026-07-15,2026-07-15
695,13a46227,446.675.279-17,M,Márcio Márcio Barbosa,1967-06-05,Preta,2026-07-15,2026-07-15
696,895f8c53,597.623.342-58,M,Pedro Moreira,1982-04-05,Parda,2026-07-15,2026-07-15
697,bb9d2955,885.357.215-26,U,Sol Cardoso,1972-12-09,Amarela,2026-07-15,2026-07-15
698,ed90a296,446.489.432-99,M,Vitor Roberto Nogueira,1964-04-26,Parda,2026-07-15,2026-07-15
699,ef75b4bf,642.161.212-83,U,Dani Farias,1996-04-28,Preta,2026-07-15,2026-07-15
